CODGEO;NBMENFISC17;NBPERSMENFISC17;MED17;PIMP17;TP6017;TP60AGE117;TP60AGE217;TP60AGE317;TP60AGE417;TP60AGE517;TP60AGE617;TP60TOL117;TP60TOL217;PACT17;PTSA17;PCHO17;PBEN17;PPEN17;PPAT17;PPSOC17;PPFAM17;PPMINI17;PPLOGT17;PIMPOT17;D117;D917;RD17
33001;827.0;1965.0;19190.0;;;;;;;;;;;;;;;;;;;;;;;;
33002;336.0;833.0;18550.0;;;;;;;;;;;;;;;;;;;;;;;;
33003;6557.0;16858.0;19790.0;46.0;15.0;22.0;18.0;16.0;13.0;8.0;;8.0;25.0;75.9;68.3;4.2;3.4;23.3;6.8;8.2;3.3;3.0;1.9;-14.2;11250.0;31220.0;2.8
33004;1328.0;3211.0;18960.0;38.0;15.0;;;;;;;;25.0;73.2;66.7;4.3;2.2;25.9;3.6;9.4;3.5;3.5;2.4;-12.1;11290.0;29050.0;2.6
33005;6226.0;12889.0;24840.0;62.0;8.0;;;12.0;8.0;;;5.0;16.0;55.1;45.6;2.9;6.6;47.9;13.9;2.3;0.8;1.0;0.5;-19.2;13730.0;44300.0;3.2
33006;391.0;940.0;18360.0;;;;;;;;;;;;;;;;;;;;;;;;
33007;477.0;1279.0;22220.0;;;;;;;;;;;;;;;;;;;;;;;;
33008;190.0;499.0;19430.0;;;;;;;;;;;;;;;;;;;;;;;;
33009;6849.0;11683.0;24750.0;60.0;12.0;;;21.0;17.0;8.0;6.0;6.0;21.0;41.7;31.2;2.5;8.0;56.1;22.6;2.5;0.5;1.3;0.7;-22.9;12100.0;51600.0;4.3
33010;201.0;494.0;21890.0;;;;;;;;;;;;;;;;;;;;;;;;
33011;3302.0;6660.0;23170.0;58.0;9.0;;;;;;;6.0;17.0;56.2;48.1;3.3;4.8;46.5;11.2;2.8;1.0;1.1;0.7;-16.7;12900.0;38890.0;3.0
33012;1355.0;3654.0;25550.0;66.0;;;;;;;;;;79.2;71.4;2.7;5.1;28.0;6.9;2.8;1.8;0.7;0.3;-16.9;15720.0;39520.0;2.5
33013;3592.0;8715.0;22350.0;59.0;10.0;;14.0;11.0;;;;;19.0;75.6;67.9;3.4;4.3;28.7;7.2;5.0;2.0;1.7;1.3;-16.5;12570.0;36550.0;2.9
33014;434.0;1070.0;20090.0;;;;;;;;;;;;;;;;;;;;;;;;
33015;794.0;1995.0;23480.0;;;;;;;;;;;;;;;;;;;;;;;;
33016;187.0;457.0;22420.0;;;;;;;;;;;;;;;;;;;;;;;;
33017;117.0;291.0;21480.0;;;;;;;;;;;;;;;;;;;;;;;;
33018;1358.0;3493.0;20880.0;44.0;10.0;;;;;;;;;76.6;67.8;3.7;5.1;24.3;7.4;5.0;2.6;1.4;1.0;-13.3;12580.0;32300.0;2.6
33019;3736.0;8431.0;21940.0;54.0;9.0;;;12.0;;;;5.0;16.0;71.0;63.9;3.8;3.3;33.1;6.8;4.1;1.8;1.4;0.9;-15.0;13070.0;34690.0;2.7
33020;55.0;127.0;16150.0;;;;;;;;;;;;;;;;;;;;;;;;
33021;435.0;1041.0;19130.0;;;;;;;;;;;;;;;;;;;;;;;;
33022;1123.0;3073.0;22020.0;53.0;7.0;;;;;;;;;81.6;74.1;3.2;4.3;23.5;5.4;4.1;2.6;0.9;0.6;-14.6;14040.0;32360.0;2.3
33023;502.0;1339.0;23730.0;;;;;;;;;;;;;;;;;;;;;;;;
33024;114.0;290.0;19490.0;;;;;;;;;;;;;;;;;;;;;;;;
33025;167.0;429.0;20500.0;;;;;;;;;;;;;;;;;;;;;;;;
33026;201.0;507.0;20970.0;;;;;;;;;;;;;;;;;;;;;;;;
33027;125.0;291.0;19150.0;;;;;;;;;;;;;;;;;;;;;;;;
33028;410.0;1144.0;22420.0;;;;;;;;;;;;;;;;;;;;;;;;
33029;2147.0;5685.0;22840.0;55.0;6.0;;;;;;;;;85.5;78.2;3.4;3.9;20.1;5.4;4.2;2.5;1.0;0.7;-15.2;14320.0;34920.0;2.4
33030;913.0;2128.0;20490.0;47.0;12.0;;;;;;;;;71.9;61.2;3.5;7.2;27.3;9.8;5.6;2.3;2.2;1.1;-14.6;11960.0;33200.0;2.8
33031;46.0;120.0;19450.0;;;;;;;;;;;;;;;;;;;;;;;;
33032;3157.0;7413.0;19310.0;46.0;17.0;;20.0;21.0;19.0;;;7.0;27.0;72.8;66.4;4.1;2.3;27.5;4.9;8.2;3.1;2.8;2.3;-13.4;10920.0;30360.0;2.8
33033;329.0;849.0;24170.0;;;;;;;;;;;;;;;;;;;;;;;;
33034;186.0;433.0;19710.0;;;;;;;;;;;;;;;;;;;;;;;;
33035;322.0;688.0;19960.0;;;;;;;;;;;;;;;;;;;;;;;;
33036;2243.0;4665.0;19560.0;44.0;16.0;;;23.0;;;;8.0;27.0;59.7;51.0;3.3;5.4;39.1;8.1;6.9;1.8;3.2;1.9;-13.8;11150.0;33060.0;3.0
33037;904.0;2331.0;23090.0;56.0;;;;;;;;;;78.6;70.6;2.6;5.4;25.8;7.2;3.8;2.0;1.2;0.6;-15.4;13940.0;34850.0;2.5
33038;401.0;911.0;19140.0;;;;;;;;;;;;;;;;;;;;;;;;
33039;13195.0;28070.0;21050.0;53.0;13.0;22.0;14.0;14.0;13.0;8.0;9.0;5.0;22.0;80.1;71.5;3.9;4.7;23.3;6.5;6.2;1.9;2.5;1.8;-16.1;11620.0;35270.0;3.0
33040;513.0;1185.0;20200.0;;;;;;;;;;;;;;;;;;;;;;;;
33042;2280.0;5774.0;21090.0;46.0;10.0;;;11.0;;;;;23.0;80.3;71.6;4.2;4.5;22.2;6.2;5.5;2.8;1.5;1.2;-14.2;12580.0;33270.0;2.6
33043;99.0;273.0;20500.0;;;;;;;;;;;;;;;;;;;;;;;;
33044;107.0;252.0;18850.0;;;;;;;;;;;;;;;;;;;;;;;;
33045;125.0;319.0;19880.0;;;;;;;;;;;;;;;;;;;;;;;;
33046;510.0;1181.0;20110.0;;;;;;;;;;;;;;;;;;;;;;;;
33047;732.0;1804.0;20660.0;;;;;;;;;;;;;;;;;;;;;;;;
33048;98.0;264.0;19770.0;;;;;;;;;;;;;;;;;;;;;;;;
33049;875.0;2298.0;23150.0;59.0;;;;;;;;;;76.8;67.2;3.4;6.2;27.6;7.9;3.6;2.0;1.0;0.6;-15.9;14780.0;36010.0;2.4
33050;213.0;595.0;20510.0;;;;;;;;;;;;;;;;;;;;;;;;
33051;4516.0;11022.0;21850.0;54.0;8.0;;;9.0;;;;5.0;15.0;74.2;67.0;3.4;3.8;30.4;5.6;4.3;2.1;1.4;0.8;-14.5;13440.0;33550.0;2.5
33052;504.0;1144.0;22140.0;;;;;;;;;;;;;;;;;;;;;;;;
33053;99.0;231.0;20290.0;;;;;;;;;;;;;;;;;;;;;;;;
33054;125.0;290.0;20320.0;;;;;;;;;;;;;;;;;;;;;;;;
33055;191.0;454.0;20410.0;;;;;;;;;;;;;;;;;;;;;;;;
33056;6771.0;15718.0;22880.0;59.0;10.0;;13.0;12.0;8.0;;;5.0;20.0;75.6;68.3;3.2;4.1;28.9;7.7;4.7;1.8;1.8;1.1;-16.9;12910.0;38320.0;3.0
33057;384.0;907.0;19240.0;;;;;;;;;;;;;;;;;;;;;;;;
33058;2226.0;4468.0;18150.0;40.0;22.0;;29.0;21.0;;;;;32.0;69.3;61.4;3.9;4.0;29.4;5.7;10.2;2.2;5.0;3.0;-14.6;10000.0;35090.0;3.5
33059;109.0;313.0;22660.0;;;;;;;;;;;;;;;;;;;;;;;;
33060;203.0;472.0;21400.0;;;;;;;;;;;;;;;;;;;;;;;;
33061;373.0;989.0;24800.0;;;;;;;;;;;;;;;;;;;;;;;;
33062;288.0;752.0;23350.0;;;;;;;;;;;;;;;;;;;;;;;;
33063;117025.0;227135.0;22170.0;55.0;17.0;29.0;16.0;17.0;16.0;12.0;9.0;5.0;25.0;81.6;68.3;4.0;9.3;22.1;11.6;5.8;1.4;2.5;1.9;-21.1;10450.0;45980.0;4.4
33064;;;;;;;;;;;;;;;;;;;;;;;;;;;
33065;1426.0;3684.0;28020.0;71.0;;;;;;;;;;79.5;68.2;2.6;8.7;24.9;15.8;2.1;1.2;0.6;0.3;-22.3;16150.0;54280.0;3.4
33066;49.0;101.0;14800.0;;;;;;;;;;;;;;;;;;;;;;;;
33067;1006.0;2229.0;18650.0;40.0;22.0;;;;;;;;36.0;69.3;59.6;4.2;5.5;27.6;9.6;7.7;2.6;3.0;2.1;-14.2;10340.0;32610.0;3.2
33068;;;;;;;;;;;;;;;;;;;;;;;;;;;
33069;11594.0;24583.0;24730.0;62.0;10.0;17.0;10.0;11.0;10.0;8.0;;5.0;18.0;78.6;66.6;2.9;9.1;26.6;13.5;3.4;1.2;1.3;0.9;-22.1;12810.0;49100.0;3.8
33070;256.0;723.0;23310.0;;;;;;;;;;;;;;;;;;;;;;;;
33071;524.0;1219.0;20100.0;;;;;;;;;;;;;;;;;;;;;;;;
33072;89.0;250.0;16790.0;;;;;;;;;;;;;;;;;;;;;;;;
33073;652.0;1482.0;18060.0;;;;;;;;;;;;;;;;;;;;;;;;
33074;75.0;187.0;20460.0;;;;;;;;;;;;;;;;;;;;;;;;
33075;8563.0;18618.0;23060.0;62.0;9.0;12.0;8.0;9.0;9.0;;;5.0;14.0;87.3;77.7;3.5;6.1;20.0;8.0;4.0;1.6;1.4;1.0;-19.3;13260.0;39530.0;3.0
33076;331.0;796.0;20200.0;;;;;;;;;;;;;;;;;;;;;;;;
33077;867.0;2390.0;22300.0;52.0;;;;;;;;;;88.0;79.5;3.8;4.7;16.6;5.5;4.1;2.6;0.9;0.6;-14.2;14810.0;33930.0;2.3
33078;199.0;501.0;22380.0;;;;;;;;;;;;;;;;;;;;;;;;
33079;133.0;365.0;24690.0;;;;;;;;;;;;;;;;;;;;;;;;
33080;2558.0;6156.0;22320.0;58.0;7.0;;;;;;;;13.0;80.2;72.3;3.1;4.8;23.7;8.1;4.0;2.0;1.2;0.8;-16.0;13710.0;35210.0;2.6
33081;1185.0;2463.0;17750.0;35.0;21.0;;;;;;;;28.0;65.8;57.8;4.6;3.4;28.6;6.6;11.4;3.0;5.1;3.3;-12.4;10280.0;29310.0;2.9
33082;507.0;1311.0;22550.0;;;;;;;;;;;;;;;;;;;;;;;;
33083;399.0;1006.0;24860.0;;;;;;;;;;;;;;;;;;;;;;;;
33084;621.0;1539.0;23480.0;;;;;;;;;;;;;;;;;;;;;;;;
33085;1129.0;2879.0;25710.0;64.0;;;;;;;;;;79.2;69.4;3.0;6.8;26.2;11.8;2.4;1.3;0.7;0.4;-19.6;14820.0;45240.0;3.1
33086;134.0;366.0;22570.0;;;;;;;;;;;;;;;;;;;;;;;;
33087;187.0;397.0;19870.0;;;;;;;;;;;;;;;;;;;;;;;;
33088;247.0;624.0;18030.0;;;;;;;;;;;;;;;;;;;;;;;;
33089;203.0;471.0;20170.0;;;;;;;;;;;;;;;;;;;;;;;;
33090;2523.0;5824.0;24210.0;62.0;6.0;;;;;;;;14.0;77.3;70.9;2.6;3.8;28.3;7.1;3.6;1.5;1.2;0.9;-16.3;14570.0;38590.0;2.6
33093;285.0;742.0;22100.0;;;;;;;;;;;;;;;;;;;;;;;;
33094;94.0;225.0;20180.0;;;;;;;;;;;;;;;;;;;;;;;;
33095;623.0;1240.0;18880.0;;;;;;;;;;;;;;;;;;;;;;;;
33096;3350.0;7917.0;21280.0;53.0;12.0;;17.0;15.0;;;;5.0;24.0;70.5;64.1;3.5;2.9;32.2;6.7;5.8;2.3;2.0;1.5;-15.2;12020.0;34230.0;2.8
33097;1235.0;2715.0;21300.0;51.0;12.0;;;;;;;;;64.0;53.4;3.7;6.9;36.6;10.8;3.8;1.8;1.2;0.8;-15.2;11970.0;35580.0;3.0
33098;197.0;484.0;20830.0;;;;;;;;;;;;;;;;;;;;;;;;
33099;1529.0;3952.0;26220.0;66.0;6.0;;;;;;;;;77.2;66.8;2.6;7.8;27.6;12.4;2.7;1.4;0.8;0.5;-19.9;14670.0;44710.0;3.0
33100;526.0;1210.0;20580.0;;;;;;;;;;;;;;;;;;;;;;;;
33101;505.0;1255.0;19360.0;;;;;;;;;;;;;;;;;;;;;;;;
33102;175.0;377.0;17870.0;;;;;;;;;;;;;;;;;;;;;;;;
33103;;;;;;;;;;;;;;;;;;;;;;;;;;;
33104;1956.0;4731.0;21310.0;49.0;9.0;;;;;;;;22.0;76.9;69.6;4.2;3.1;25.5;6.5;5.2;2.4;1.7;1.1;-14.1;12930.0;32430.0;2.5
33105;80.0;193.0;19250.0;;;;;;;;;;;;;;;;;;;;;;;;
33106;625.0;1503.0;19800.0;;;;;;;;;;;;;;;;;;;;;;;;
33108;1500.0;3062.0;14760.0;26.0;37.0;;55.0;48.0;36.0;;;;49.0;51.4;39.9;5.3;6.2;36.2;7.6;15.7;3.8;7.2;4.7;-10.9;8620.0;26840.0;3.1
33109;911.0;2367.0;22890.0;57.0;;;;;;;;;;83.7;76.5;3.3;3.9;22.3;5.7;3.8;2.2;1.0;0.6;-15.5;13830.0;34300.0;2.5
33111;472.0;1101.0;19430.0;;;;;;;;;;;;;;;;;;;;;;;;
33112;67.0;160.0;19210.0;;;;;;;;;;;;;;;;;;;;;;;;
33113;61.0;152.0;18450.0;;;;;;;;;;;;;;;;;;;;;;;;
33114;884.0;2071.0;18820.0;37.0;16.0;;;;;;;;;70.3;61.7;4.2;4.4;26.8;6.5;8.5;3.4;2.9;2.2;-12.1;11100.0;28350.0;2.6
33115;108.0;231.0;19300.0;;;;;;;;;;;;;;;;;;;;;;;;
33116;155.0;390.0;21750.0;;;;;;;;;;;;;;;;;;;;;;;;
33117;100.0;222.0;17910.0;;;;;;;;;;;;;;;;;;;;;;;;
33118;797.0;1985.0;26310.0;;;;;;;;;;;;;;;;;;;;;;;;
33119;10978.0;24331.0;16890.0;40.0;27.0;29.0;31.0;34.0;28.0;19.0;12.0;9.0;36.0;69.9;61.4;4.8;3.7;26.2;5.3;12.1;3.4;5.2;3.5;-13.5;9210.0;29090.0;3.2
33120;845.0;2067.0;20590.0;45.0;11.0;;;;;;;;;75.3;67.1;3.0;5.2;25.4;7.1;6.1;2.7;2.1;1.3;-13.9;12470.0;31840.0;2.6
33121;80.0;183.0;21430.0;;;;;;;;;;;;;;;;;;;;;;;;
33122;7190.0;17595.0;26640.0;70.0;5.0;;;6.0;;;;5.0;12.0;71.9;65.7;2.1;4.1;35.8;8.6;2.3;1.1;0.7;0.5;-18.6;15950.0;43500.0;2.7
33123;968.0;2583.0;20190.0;43.0;11.0;;;;;;;;;80.2;69.9;4.5;5.8;20.9;5.3;6.1;3.2;1.8;1.1;-12.5;12410.0;31680.0;2.6
33124;282.0;740.0;19480.0;;;;;;;;;;;;;;;;;;;;;;;;
33125;848.0;2177.0;20710.0;48.0;10.0;;;;;;;;;74.7;64.6;3.4;6.7;27.6;6.1;5.1;2.4;1.9;0.8;-13.5;12600.0;31220.0;2.5
33126;319.0;848.0;20000.0;;;;;;;;;;;;;;;;;;;;;;;;
33127;87.0;210.0;18030.0;;;;;;;;;;;;;;;;;;;;;;;;
33128;278.0;669.0;20190.0;;;;;;;;;;;;;;;;;;;;;;;;
33129;67.0;158.0;20860.0;;;;;;;;;;;;;;;;;;;;;;;;
33130;412.0;1098.0;21480.0;;;;;;;;;;;;;;;;;;;;;;;;
33131;88.0;216.0;21220.0;;;;;;;;;;;;;;;;;;;;;;;;
33132;216.0;524.0;22020.0;;;;;;;;;;;;;;;;;;;;;;;;
33133;;;;;;;;;;;;;;;;;;;;;;;;;;;
33134;116.0;268.0;18940.0;;;;;;;;;;;;;;;;;;;;;;;;
33135;54.0;129.0;21010.0;;;;;;;;;;;;;;;;;;;;;;;;
33136;109.0;263.0;18090.0;;;;;;;;;;;;;;;;;;;;;;;;
33137;93.0;219.0;17340.0;;;;;;;;;;;;;;;;;;;;;;;;
33138;3786.0;8286.0;18790.0;39.0;17.0;;21.0;22.0;18.0;;;8.0;31.0;62.3;54.4;3.5;4.4;35.7;7.6;7.8;2.5;3.3;2.0;-13.4;10730.0;31120.0;2.9
33139;37.0;102.0;16380.0;;;;;;;;;;;;;;;;;;;;;;;;
33140;2131.0;4853.0;20210.0;45.0;12.0;;;;;;;;21.0;72.4;63.6;3.6;5.2;29.1;6.0;6.1;2.4;2.1;1.6;-13.6;11890.0;32340.0;2.7
33141;260.0;703.0;22920.0;;;;;;;;;;;;;;;;;;;;;;;;
33142;579.0;1582.0;20500.0;;;;;;;;;;;;;;;;;;;;;;;;
33143;1030.0;2624.0;21150.0;51.0;11.0;;;;;;;;;77.8;70.7;3.8;3.3;24.7;6.0;5.6;2.8;1.7;1.1;-14.1;12490.0;33050.0;2.6
33144;328.0;792.0;19450.0;;;;;;;;;;;;;;;;;;;;;;;;
33145;236.0;666.0;23440.0;;;;;;;;;;;;;;;;;;;;;;;;
33146;830.0;2353.0;19800.0;42.0;13.0;;;;;;;;;77.5;69.8;4.1;3.6;21.3;6.8;7.0;3.9;2.1;1.0;-12.6;11850.0;30450.0;2.6
33147;190.0;470.0;20260.0;;;;;;;;;;;;;;;;;;;;;;;;
33148;;;;;;;;;;;;;;;;;;;;;;;;;;;
33149;62.0;165.0;21730.0;;;;;;;;;;;;;;;;;;;;;;;;
33150;112.0;257.0;20160.0;;;;;;;;;;;;;;;;;;;;;;;;
33151;383.0;930.0;17900.0;;;;;;;;;;;;;;;;;;;;;;;;
33152;58.0;125.0;22050.0;;;;;;;;;;;;;;;;;;;;;;;;
33153;108.0;253.0;20540.0;;;;;;;;;;;;;;;;;;;;;;;;
33154;834.0;1995.0;16530.0;;;;;;;;;;;;;;;;;;;;;;;;
33155;75.0;158.0;19540.0;;;;;;;;;;;;;;;;;;;;;;;;
33156;121.0;295.0;19130.0;;;;;;;;;;;;;;;;;;;;;;;;
33157;278.0;772.0;21760.0;;;;;;;;;;;;;;;;;;;;;;;;
33158;104.0;252.0;19850.0;;;;;;;;;;;;;;;;;;;;;;;;
33159;714.0;1563.0;18810.0;;;;;;;;;;;;;;;;;;;;;;;;
33160;250.0;564.0;20190.0;;;;;;;;;;;;;;;;;;;;;;;;
33161;320.0;744.0;19530.0;;;;;;;;;;;;;;;;;;;;;;;;
33162;10437.0;23140.0;21800.0;58.0;12.0;13.0;13.0;15.0;13.0;7.0;;5.0;20.0;78.4;70.2;3.5;4.7;25.1;8.0;5.5;2.0;2.0;1.5;-17.0;11990.0;36110.0;3.0
33163;174.0;448.0;20530.0;;;;;;;;;;;;;;;;;;;;;;;;
33164;663.0;1613.0;23150.0;;;;;;;;;;;;;;;;;;;;;;;;
33165;1359.0;3049.0;23750.0;61.0;7.0;;;;;;;;;78.5;69.8;3.3;5.4;25.3;10.6;3.2;1.4;1.0;0.8;-17.6;14060.0;39660.0;2.8
33166;191.0;484.0;18790.0;;;;;;;;;;;;;;;;;;;;;;;;
33167;7510.0;17777.0;18610.0;44.0;21.0;25.0;25.0;22.0;23.0;14.0;;6.0;32.0;73.4;65.5;4.2;3.7;25.6;5.4;9.7;3.1;3.9;2.7;-14.1;10250.0;31130.0;3.0
33168;243.0;548.0;18980.0;;;;;;;;;;;;;;;;;;;;;;;;
33169;;;;;;;;;;;;;;;;;;;;;;;;;;;
33170;313.0;735.0;20160.0;;;;;;;;;;;;;;;;;;;;;;;;
33171;88.0;221.0;19140.0;;;;;;;;;;;;;;;;;;;;;;;;
33172;121.0;299.0;21730.0;;;;;;;;;;;;;;;;;;;;;;;;
33173;86.0;195.0;19610.0;;;;;;;;;;;;;;;;;;;;;;;;
33174;463.0;1089.0;21090.0;;;;;;;;;;;;;;;;;;;;;;;;
33175;293.0;737.0;18240.0;;;;;;;;;;;;;;;;;;;;;;;;
33176;147.0;347.0;23250.0;;;;;;;;;;;;;;;;;;;;;;;;
33177;1040.0;2358.0;19790.0;46.0;15.0;;;;;;;;;58.5;46.8;4.0;7.7;40.6;11.0;4.6;1.9;1.7;1.0;-14.7;11540.0;32260.0;2.8
33178;164.0;372.0;19010.0;;;;;;;;;;;;;;;;;;;;;;;;
33179;1296.0;3096.0;20480.0;50.0;10.0;;;;;;;;;71.6;63.2;3.5;4.9;30.2;8.0;4.9;2.2;1.7;1.0;-14.7;12720.0;33500.0;2.6
33180;80.0;192.0;18050.0;;;;;;;;;;;;;;;;;;;;;;;;
33181;115.0;287.0;21370.0;;;;;;;;;;;;;;;;;;;;;;;;
33182;350.0;751.0;21690.0;;;;;;;;;;;;;;;;;;;;;;;;
33183;476.0;1310.0;20720.0;;;;;;;;;;;;;;;;;;;;;;;;
33184;237.0;589.0;19400.0;;;;;;;;;;;;;;;;;;;;;;;;
33185;792.0;2044.0;22550.0;58.0;;;;;;;;;;81.1;70.7;3.8;6.6;21.3;9.0;4.2;2.1;1.4;0.7;-15.6;12950.0;37370.0;2.9
33186;357.0;748.0;17980.0;;;;;;;;;;;;;;;;;;;;;;;;
33187;575.0;1294.0;17620.0;;;;;;;;;;;;;;;;;;;;;;;;
33188;79.0;186.0;19030.0;;;;;;;;;;;;;;;;;;;;;;;;
33189;173.0;401.0;19420.0;;;;;;;;;;;;;;;;;;;;;;;;
33190;;;;;;;;;;;;;;;;;;;;;;;;;;;
33191;217.0;525.0;18890.0;;;;;;;;;;;;;;;;;;;;;;;;
33192;10841.0;23133.0;23800.0;60.0;10.0;26.0;12.0;11.0;9.0;5.0;;5.0;20.0;72.2;65.2;2.6;4.4;32.8;10.0;4.2;1.5;1.5;1.2;-19.2;12630.0;42820.0;3.4
33193;761.0;1513.0;20480.0;;;;;;;;;;;;;;;;;;;;;;;;
33194;298.0;698.0;21590.0;;;;;;;;;;;;;;;;;;;;;;;;
33195;534.0;1100.0;17680.0;;;;;;;;;;;;;;;;;;;;;;;;
33196;69.0;175.0;20450.0;;;;;;;;;;;;;;;;;;;;;;;;
33197;171.0;455.0;19770.0;;;;;;;;;;;;;;;;;;;;;;;;
33198;710.0;1635.0;18320.0;;;;;;;;;;;;;;;;;;;;;;;;
33199;9974.0;21703.0;23160.0;59.0;9.0;;13.0;12.0;11.0;5.0;;5.0;18.0;64.3;54.3;3.6;6.4;39.9;10.6;3.3;1.3;1.3;0.7;-18.1;12950.0;40300.0;3.1
33200;5011.0;11157.0;23710.0;63.0;9.0;;11.0;12.0;;;;5.0;17.0;79.8;72.9;3.1;3.8;26.5;7.4;4.2;1.6;1.5;1.1;-17.9;12950.0;39690.0;3.1
33201;341.0;826.0;21490.0;;;;;;;;;;;;;;;;;;;;;;;;
33202;587.0;1467.0;20170.0;;;;;;;;;;;;;;;;;;;;;;;;
33203;1811.0;3866.0;21350.0;51.0;12.0;;;;;;;;24.0;56.4;46.7;4.0;5.7;44.0;10.4;4.4;1.6;1.7;1.1;-15.2;11840.0;35650.0;3.0
33204;237.0;550.0;20360.0;;;;;;;;;;;;;;;;;;;;;;;;
33205;576.0;1439.0;21920.0;;;;;;;;;;;;;;;;;;;;;;;;
33206;206.0;502.0;21310.0;;;;;;;;;;;;;;;;;;;;;;;;
33207;2188.0;6018.0;22410.0;56.0;7.0;;;;;;;5.0;;80.6;74.4;3.3;2.9;23.5;6.4;4.1;2.4;1.0;0.7;-14.6;14090.0;33750.0;2.4
33208;465.0;950.0;18740.0;;;;;;;;;;;;;;;;;;;;;;;;
33209;116.0;290.0;20980.0;;;;;;;;;;;;;;;;;;;;;;;;
33210;90.0;219.0;21350.0;;;;;;;;;;;;;;;;;;;;;;;;
33211;231.0;574.0;22030.0;;;;;;;;;;;;;;;;;;;;;;;;
33212;47.0;126.0;19330.0;;;;;;;;;;;;;;;;;;;;;;;;
33213;1772.0;4502.0;26420.0;66.0;6.0;;;;;;;;;80.0;72.1;2.6;5.3;24.5;13.5;2.7;1.5;0.8;0.4;-20.7;15000.0;45720.0;3.0
33214;2755.0;5659.0;23260.0;57.0;11.0;;;13.0;;;;7.0;23.0;63.6;52.8;4.0;6.8;38.4;13.3;3.1;1.2;1.2;0.7;-18.4;12050.0;42080.0;3.5
33215;80.0;196.0;20100.0;;;;;;;;;;;;;;;;;;;;;;;;
33216;66.0;159.0;19380.0;;;;;;;;;;;;;;;;;;;;;;;;
33218;652.0;1660.0;19640.0;;;;;;;;;;;;;;;;;;;;;;;;
33219;944.0;2484.0;22980.0;55.0;9.0;;;;;;;;;78.4;71.3;3.6;3.5;26.4;5.9;3.8;2.3;1.1;0.4;-14.5;13440.0;34520.0;2.6
33220;486.0;1235.0;19730.0;;;;;;;;;;;;;;;;;;;;;;;;
33221;457.0;1096.0;17860.0;;;;;;;;;;;;;;;;;;;;;;;;
33222;257.0;637.0;22460.0;;;;;;;;;;;;;;;;;;;;;;;;
33223;82.0;201.0;19690.0;;;;;;;;;;;;;;;;;;;;;;;;
33224;;;;;;;;;;;;;;;;;;;;;;;;;;;
33225;896.0;2257.0;21390.0;44.0;10.0;;;;;;;;;75.7;65.1;4.1;6.5;26.8;5.6;5.1;2.4;1.7;1.0;-13.2;12710.0;33580.0;2.6
33226;974.0;2218.0;20960.0;46.0;11.0;;;;;;;;;72.8;64.3;4.4;4.1;28.3;7.9;5.4;2.0;2.1;1.3;-14.4;12180.0;33530.0;2.8
33227;3817.0;7221.0;18670.0;39.0;19.0;;23.0;26.0;16.0;;;7.0;26.0;61.1;53.2;3.8;4.1;34.8;9.1;9.0;2.0;4.2;2.8;-14.0;10770.0;32270.0;3.0
33228;280.0;691.0;19730.0;;;;;;;;;;;;;;;;;;;;;;;;
33229;3555.0;7391.0;23230.0;58.0;8.0;;;;;;;5.0;15.0;61.2;51.4;3.2;6.6;43.0;10.1;3.1;1.2;1.2;0.7;-17.4;13570.0;39580.0;2.9
33230;206.0;485.0;19380.0;;;;;;;;;;;;;;;;;;;;;;;;
33231;127.0;297.0;23190.0;;;;;;;;;;;;;;;;;;;;;;;;
33232;;;;;;;;;;;;;;;;;;;;;;;;;;;
33233;975.0;2678.0;19400.0;36.0;15.0;;;;;;;11.0;;75.8;67.5;4.6;3.7;22.0;6.6;7.6;3.6;2.5;1.5;-12.0;11700.0;29900.0;2.6
33234;1432.0;3464.0;27050.0;64.0;6.0;;;;;;;;;74.3;61.2;2.7;10.4;28.1;18.2;2.1;1.0;0.7;0.4;-22.7;14320.0;52230.0;3.6
33235;92.0;224.0;17320.0;;;;;;;;;;;;;;;;;;;;;;;;
33236;4628.0;9731.0;23800.0;61.0;10.0;;;13.0;10.0;;;6.0;17.0;62.6;49.2;2.9;10.5;38.6;18.6;2.2;0.9;0.8;0.5;-22.0;12800.0;47600.0;3.7
33237;328.0;836.0;21420.0;;;;;;;;;;;;;;;;;;;;;;;;
33238;4338.0;10852.0;25560.0;67.0;6.0;;;8.0;;;;;16.0;75.6;67.9;2.3;5.4;29.6;10.9;2.9;1.4;0.9;0.6;-19.0;14600.0;41940.0;2.9
33239;205.0;467.0;19100.0;;;;;;;;;;;;;;;;;;;;;;;;
33240;2675.0;5725.0;17940.0;37.0;22.0;;29.0;28.0;24.0;;;13.0;33.0;57.2;46.9;3.9;6.4;39.0;7.0;9.8;2.8;4.4;2.6;-13.0;10300.0;29390.0;2.9
33241;240.0;579.0;20150.0;;;;;;;;;;;;;;;;;;;;;;;;
33242;257.0;554.0;18940.0;;;;;;;;;;;;;;;;;;;;;;;;
33243;11747.0;24225.0;18990.0;44.0;21.0;33.0;25.0;26.0;21.0;12.0;9.0;7.0;32.0;66.8;56.7;3.8;6.3;31.1;9.4;8.6;2.3;3.8;2.5;-15.9;10060.0;34780.0;3.5
33244;149.0;402.0;19370.0;;;;;;;;;;;;;;;;;;;;;;;;
33245;318.0;827.0;26190.0;;;;;;;;;;;;;;;;;;;;;;;;
33246;63.0;144.0;18300.0;;;;;;;;;;;;;;;;;;;;;;;;
33247;57.0;141.0;19990.0;;;;;;;;;;;;;;;;;;;;;;;;
33248;1076.0;2810.0;20890.0;46.0;8.0;;;;;;;;;83.3;74.3;3.9;5.1;19.9;6.2;5.0;2.7;1.5;0.8;-14.4;13760.0;32240.0;2.3
33249;9689.0;22524.0;16320.0;36.0;28.0;30.0;33.0;33.0;29.0;20.0;13.0;9.0;36.0;68.0;59.7;5.5;2.8;26.0;4.3;13.5;3.8;5.6;4.1;-11.8;9370.0;27460.0;2.9
33250;133.0;313.0;20420.0;;;;;;;;;;;;;;;;;;;;;;;;
33251;259.0;688.0;19620.0;;;;;;;;;;;;;;;;;;;;;;;;
33252;292.0;798.0;24000.0;;;;;;;;;;;;;;;;;;;;;;;;
33253;465.0;1135.0;20390.0;;;;;;;;;;;;;;;;;;;;;;;;
33254;179.0;493.0;19810.0;;;;;;;;;;;;;;;;;;;;;;;;
33255;102.0;231.0;20220.0;;;;;;;;;;;;;;;;;;;;;;;;
33256;1957.0;5127.0;23690.0;62.0;5.0;;;;;;;;;84.1;77.6;3.3;3.2;22.6;6.0;3.3;2.0;0.8;0.5;-16.0;15250.0;35800.0;2.3
33257;172.0;466.0;22010.0;;;;;;;;;;;;;;;;;;;;;;;;
33258;125.0;307.0;19320.0;;;;;;;;;;;;;;;;;;;;;;;;
33259;549.0;1331.0;21070.0;;;;;;;;;;;;;;;;;;;;;;;;
33260;362.0;1005.0;21680.0;;;;;;;;;;;;;;;;;;;;;;;;
33261;524.0;1193.0;18900.0;;;;;;;;;;;;;;;;;;;;;;;;
33262;1680.0;4301.0;21760.0;54.0;7.0;;;;;;;;17.0;81.7;75.7;3.3;2.7;21.7;7.5;4.5;2.4;1.3;0.8;-15.4;13880.0;32710.0;2.4
33263;104.0;270.0;22870.0;;;;;;;;;;;;;;;;;;;;;;;;
33264;399.0;988.0;19200.0;;;;;;;;;;;;;;;;;;;;;;;;
33266;304.0;810.0;21310.0;;;;;;;;;;;;;;;;;;;;;;;;
33268;1193.0;2888.0;21720.0;52.0;8.0;;;;;;;;;80.0;72.8;3.0;4.2;23.7;7.0;4.3;2.1;1.4;0.8;-15.0;13300.0;33480.0;2.5
33269;167.0;385.0;19470.0;;;;;;;;;;;;;;;;;;;;;;;;
33270;71.0;186.0;21510.0;;;;;;;;;;;;;;;;;;;;;;;;
33271;90.0;209.0;18990.0;;;;;;;;;;;;;;;;;;;;;;;;
33272;451.0;1231.0;20680.0;;;;;;;;;;;;;;;;;;;;;;;;
33273;2852.0;7190.0;26040.0;71.0;5.0;;;;;;;;11.0;79.9;73.6;2.6;3.7;28.0;7.9;2.8;1.4;0.9;0.5;-18.6;15940.0;42050.0;2.6
33274;1178.0;3174.0;25250.0;67.0;;;;;;;;;;85.3;77.2;2.5;5.6;19.1;10.4;2.8;1.7;0.7;0.4;-17.6;16460.0;40590.0;2.5
33275;46.0;122.0;21840.0;;;;;;;;;;;;;;;;;;;;;;;;
33276;58.0;130.0;19350.0;;;;;;;;;;;;;;;;;;;;;;;;
33277;101.0;234.0;19420.0;;;;;;;;;;;;;;;;;;;;;;;;
33278;103.0;241.0;22200.0;;;;;;;;;;;;;;;;;;;;;;;;
33279;293.0;746.0;22100.0;;;;;;;;;;;;;;;;;;;;;;;;
33280;222.0;542.0;19350.0;;;;;;;;;;;;;;;;;;;;;;;;
33281;32689.0;68851.0;22540.0;60.0;11.0;19.0;12.0;13.0;11.0;7.0;6.0;5.0;19.0;79.6;71.5;3.1;5.0;25.9;8.1;4.7;1.5;1.9;1.3;-18.3;12290.0;39560.0;3.2
33282;129.0;312.0;19830.0;;;;;;;;;;;;;;;;;;;;;;;;
33283;93.0;232.0;19460.0;;;;;;;;;;;;;;;;;;;;;;;;
33284;3934.0;10613.0;23170.0;57.0;7.0;;;;;;;5.0;14.0;84.9;76.5;3.3;5.1;20.0;6.3;4.0;2.5;0.9;0.6;-15.2;14250.0;35110.0;2.5
33285;181.0;451.0;20630.0;;;;;;;;;;;;;;;;;;;;;;;;
33287;260.0;599.0;17850.0;;;;;;;;;;;;;;;;;;;;;;;;
33288;113.0;267.0;20990.0;;;;;;;;;;;;;;;;;;;;;;;;
33289;676.0;1368.0;18340.0;;;;;;;;;;;;;;;;;;;;;;;;
33290;618.0;1468.0;21330.0;;;;;;;;;;;;;;;;;;;;;;;;
33291;77.0;169.0;19150.0;;;;;;;;;;;;;;;;;;;;;;;;
33292;56.0;156.0;20780.0;;;;;;;;;;;;;;;;;;;;;;;;
33293;1319.0;3401.0;23510.0;62.0;7.0;;;;;;;;;82.9;73.3;3.5;6.1;20.8;9.1;3.5;1.7;1.1;0.7;-16.3;13850.0;38120.0;2.8
33294;212.0;513.0;18250.0;;;;;;;;;;;;;;;;;;;;;;;;
33295;;;;;;;;;;;;;;;;;;;;;;;;;;;
33296;439.0;1103.0;18720.0;;;;;;;;;;;;;;;;;;;;;;;;
33297;696.0;1862.0;21950.0;;;;;;;;;;;;;;;;;;;;;;;;
33298;402.0;1008.0;21350.0;;;;;;;;;;;;;;;;;;;;;;;;
33299;151.0;403.0;21680.0;;;;;;;;;;;;;;;;;;;;;;;;
33300;426.0;1032.0;20120.0;;;;;;;;;;;;;;;;;;;;;;;;
33301;226.0;560.0;21620.0;;;;;;;;;;;;;;;;;;;;;;;;
33302;151.0;345.0;23060.0;;;;;;;;;;;;;;;;;;;;;;;;
33303;360.0;884.0;22010.0;;;;;;;;;;;;;;;;;;;;;;;;
33304;65.0;161.0;20200.0;;;;;;;;;;;;;;;;;;;;;;;;
33305;213.0;528.0;20100.0;;;;;;;;;;;;;;;;;;;;;;;;
33306;170.0;408.0;20280.0;;;;;;;;;;;;;;;;;;;;;;;;
33307;673.0;1745.0;20330.0;;;;;;;;;;;;;;;;;;;;;;;;
33308;111.0;286.0;22400.0;;;;;;;;;;;;;;;;;;;;;;;;
33309;208.0;486.0;18890.0;;;;;;;;;;;;;;;;;;;;;;;;
33310;70.0;190.0;21660.0;;;;;;;;;;;;;;;;;;;;;;;;
33311;502.0;1220.0;20180.0;;;;;;;;;;;;;;;;;;;;;;;;
33312;3708.0;9059.0;22380.0;58.0;8.0;;;9.0;;;;5.0;15.0;81.6;75.5;3.5;2.6;23.5;6.7;4.3;2.0;1.4;0.9;-16.1;13690.0;34800.0;2.5
33314;2166.0;4719.0;17830.0;39.0;23.0;;31.0;31.0;22.0;;;10.0;36.0;62.8;54.5;4.5;3.8;34.7;7.3;8.6;2.7;3.7;2.2;-13.4;9860.0;29740.0;3.0
33315;639.0;1536.0;18350.0;;;;;;;;;;;;;;;;;;;;;;;;
33316;433.0;986.0;17680.0;;;;;;;;;;;;;;;;;;;;;;;;
33317;480.0;1218.0;20440.0;;;;;;;;;;;;;;;;;;;;;;;;
33318;25252.0;57945.0;23300.0;59.0;12.0;27.0;16.0;14.0;11.0;7.0;6.0;5.0;25.0;77.7;70.2;2.9;4.6;27.4;8.4;5.0;1.7;1.9;1.4;-18.5;11850.0;40680.0;3.4
33319;206.0;411.0;17960.0;;;;;;;;;;;;;;;;;;;;;;;;
33320;279.0;714.0;19800.0;;;;;;;;;;;;;;;;;;;;;;;;
33321;772.0;2128.0;21580.0;48.0;;;;;;;;;;83.8;77.3;3.3;3.2;19.6;4.2;5.2;2.9;1.5;0.8;-12.8;13080.0;31530.0;2.4
33322;2569.0;6818.0;24900.0;68.0;5.0;;;;;;;5.0;;79.9;72.3;3.1;4.5;26.7;8.1;3.1;1.7;0.9;0.5;-17.8;15140.0;39270.0;2.6
33323;364.0;917.0;21410.0;;;;;;;;;;;;;;;;;;;;;;;;
33324;2071.0;4290.0;18260.0;39.0;20.0;;;24.0;;;;12.0;30.0;53.7;44.2;3.5;6.0;43.3;8.8;7.4;2.2;3.1;2.1;-13.2;10510.0;30870.0;2.9
33325;423.0;987.0;23790.0;;;;;;;;;;;;;;;;;;;;;;;;
33326;92.0;213.0;17420.0;;;;;;;;;;;;;;;;;;;;;;;;
33327;1128.0;2777.0;20640.0;47.0;11.0;;;;;;;;24.0;70.1;63.2;3.5;3.4;30.3;7.3;5.7;2.7;1.7;1.3;-13.4;12480.0;31750.0;2.5
33328;288.0;624.0;20700.0;;;;;;;;;;;;;;;;;;;;;;;;
33329;103.0;270.0;21300.0;;;;;;;;;;;;;;;;;;;;;;;;
33330;1259.0;3194.0;26670.0;68.0;;;;;;;;;;75.4;68.9;2.3;4.2;29.9;11.2;2.2;1.3;0.6;0.3;-18.7;16640.0;43720.0;2.6
33331;193.0;490.0;19450.0;;;;;;;;;;;;;;;;;;;;;;;;
33332;368.0;877.0;19270.0;;;;;;;;;;;;;;;;;;;;;;;;
33333;1368.0;3408.0;22150.0;52.0;10.0;;;;;;;;;74.0;62.7;4.0;7.3;27.8;9.5;3.5;2.1;0.8;0.6;-14.8;12730.0;35470.0;2.8
33334;1101.0;2738.0;21750.0;53.0;8.0;;;;;;;;;77.7;69.6;3.3;4.8;24.0;9.5;4.0;2.1;1.2;0.7;-15.2;13310.0;36790.0;2.8
33335;213.0;584.0;22750.0;;;;;;;;;;;;;;;;;;;;;;;;
33336;478.0;999.0;18930.0;;;;;;;;;;;;;;;;;;;;;;;;
33337;922.0;2147.0;19310.0;42.0;17.0;;;;;;;;;67.4;58.5;3.5;5.4;30.2;9.8;6.5;2.5;2.6;1.4;-13.9;11380.0;31480.0;2.8
33339;590.0;1404.0;21930.0;;;;;;;;;;;;;;;;;;;;;;;;
33341;941.0;2204.0;20280.0;41.0;10.0;;;;;;;;;70.1;62.7;3.3;4.1;30.7;6.5;5.5;2.5;1.9;1.1;-12.8;12520.0;32440.0;2.6
33342;358.0;828.0;21930.0;;;;;;;;;;;;;;;;;;;;;;;;
33343;340.0;779.0;22660.0;;;;;;;;;;;;;;;;;;;;;;;;
33344;243.0;512.0;18510.0;;;;;;;;;;;;;;;;;;;;;;;;
33345;166.0;388.0;20930.0;;;;;;;;;;;;;;;;;;;;;;;;
33346;165.0;407.0;17930.0;;;;;;;;;;;;;;;;;;;;;;;;
33347;120.0;301.0;19230.0;;;;;;;;;;;;;;;;;;;;;;;;
33348;625.0;1354.0;19350.0;;;;;;;;;;;;;;;;;;;;;;;;
33349;831.0;2164.0;24700.0;64.0;;;;;;;;;;78.8;69.5;3.1;6.2;27.8;9.3;2.5;1.5;0.6;0.4;-18.4;15140.0;41140.0;2.7
33350;521.0;1183.0;19570.0;;;;;;;;;;;;;;;;;;;;;;;;
33351;654.0;1546.0;18040.0;;;;;;;;;;;;;;;;;;;;;;;;
33352;1947.0;4009.0;16040.0;32.0;30.0;;35.0;38.0;31.0;;;15.0;41.0;58.4;49.5;4.1;4.8;32.1;8.4;13.8;3.1;6.8;3.9;-12.7;8970.0;28610.0;3.2
33353;83.0;201.0;17240.0;;;;;;;;;;;;;;;;;;;;;;;;
33354;78.0;200.0;18770.0;;;;;;;;;;;;;;;;;;;;;;;;
33355;663.0;1499.0;20270.0;;;;;;;;;;;;;;;;;;;;;;;;
33356;161.0;400.0;20420.0;;;;;;;;;;;;;;;;;;;;;;;;
33357;642.0;1752.0;23620.0;;;;;;;;;;;;;;;;;;;;;;;;
33358;178.0;479.0;19270.0;;;;;;;;;;;;;;;;;;;;;;;;
33359;110.0;278.0;17610.0;;;;;;;;;;;;;;;;;;;;;;;;
33360;134.0;304.0;18210.0;;;;;;;;;;;;;;;;;;;;;;;;
33361;234.0;586.0;19850.0;;;;;;;;;;;;;;;;;;;;;;;;
33362;506.0;1298.0;20220.0;;;;;;;;;;;;;;;;;;;;;;;;
33363;1672.0;4499.0;23420.0;58.0;7.0;;;;;;;;;81.2;73.3;3.2;4.7;23.5;7.2;3.9;2.4;0.9;0.6;-15.8;14290.0;36490.0;2.6
33364;154.0;379.0;21420.0;;;;;;;;;;;;;;;;;;;;;;;;
33365;83.0;197.0;24080.0;;;;;;;;;;;;;;;;;;;;;;;;
33366;4882.0;11350.0;20750.0;48.0;12.0;;10.0;14.0;10.0;;;6.0;18.0;78.8;70.4;3.6;4.8;23.1;6.3;6.0;2.4;2.1;1.5;-14.2;12260.0;33070.0;2.7
33367;178.0;451.0;21290.0;;;;;;;;;;;;;;;;;;;;;;;;
33369;298.0;682.0;19700.0;;;;;;;;;;;;;;;;;;;;;;;;
33370;244.0;547.0;19350.0;;;;;;;;;;;;;;;;;;;;;;;;
33372;;;;;;;;;;;;;;;;;;;;;;;;;;;
33373;238.0;554.0;18680.0;;;;;;;;;;;;;;;;;;;;;;;;
33374;344.0;809.0;17310.0;;;;;;;;;;;;;;;;;;;;;;;;
33375;158.0;339.0;24030.0;;;;;;;;;;;;;;;;;;;;;;;;
33376;2747.0;7481.0;28800.0;75.0;5.0;;;;;;;;;85.7;76.7;2.9;6.1;25.4;8.9;2.4;1.3;0.6;0.5;-22.4;16330.0;49400.0;3.0
33377;;;;;;;;;;;;;;;;;;;;;;;;;;;
33378;616.0;1426.0;18710.0;;;;;;;;;;;;;;;;;;;;;;;;
33379;125.0;282.0;18400.0;;;;;;;;;;;;;;;;;;;;;;;;
33380;750.0;1783.0;17330.0;;;;;;;;;;;;;;;;;;;;;;;;
33381;1243.0;3211.0;23200.0;59.0;;;;;;;;;;79.7;71.3;3.2;5.2;25.5;7.9;3.2;1.9;0.8;0.5;-16.3;14460.0;37690.0;2.6
33382;779.0;1836.0;18100.0;;;;;;;;;;;;;;;;;;;;;;;;
33383;129.0;266.0;18620.0;;;;;;;;;;;;;;;;;;;;;;;;
33384;173.0;398.0;20640.0;;;;;;;;;;;;;;;;;;;;;;;;
33385;271.0;660.0;18050.0;;;;;;;;;;;;;;;;;;;;;;;;
33386;77.0;187.0;18260.0;;;;;;;;;;;;;;;;;;;;;;;;
33387;493.0;1367.0;19990.0;;;;;;;;;;;;;;;;;;;;;;;;
33388;302.0;744.0;18840.0;;;;;;;;;;;;;;;;;;;;;;;;
33389;1295.0;2953.0;18770.0;41.0;19.0;;;;;;;13.0;31.0;62.8;53.8;3.3;5.7;34.8;8.1;7.5;2.5;3.3;1.7;-13.2;10590.0;32400.0;3.1
33390;163.0;417.0;20680.0;;;;;;;;;;;;;;;;;;;;;;;;
33391;131.0;315.0;19750.0;;;;;;;;;;;;;;;;;;;;;;;;
33392;343.0;832.0;18520.0;;;;;;;;;;;;;;;;;;;;;;;;
33393;2168.0;5414.0;19730.0;44.0;15.0;;;19.0;;;;12.0;25.0;69.3;59.9;3.6;5.8;30.7;6.8;6.9;3.0;2.5;1.4;-13.7;10840.0;31210.0;2.9
33394;806.0;1799.0;22270.0;;;;;;;;;;;;;;;;;;;;;;;;
33395;722.0;1693.0;19340.0;;;;;;;;;;;;;;;;;;;;;;;;
33396;81.0;200.0;18630.0;;;;;;;;;;;;;;;;;;;;;;;;
33397;1875.0;4893.0;21770.0;56.0;14.0;;;;;;;6.0;36.0;72.9;66.3;2.9;3.7;29.3;8.6;5.4;2.3;2.0;1.1;-16.2;11140.0;36210.0;3.3
33398;61.0;173.0;21480.0;;;;;;;;;;;;;;;;;;;;;;;;
33399;120.0;303.0;18240.0;;;;;;;;;;;;;;;;;;;;;;;;
33400;139.0;313.0;19380.0;;;;;;;;;;;;;;;;;;;;;;;;
33401;56.0;138.0;19190.0;;;;;;;;;;;;;;;;;;;;;;;;
33402;1152.0;2275.0;13540.0;24.0;44.0;;;;;;;;53.0;43.1;34.7;5.0;3.4;40.8;7.8;18.8;4.1;8.8;5.9;-10.5;7880.0;26470.0;3.4
33403;46.0;118.0;20310.0;;;;;;;;;;;;;;;;;;;;;;;;
33404;85.0;208.0;17280.0;;;;;;;;;;;;;;;;;;;;;;;;
33405;206.0;493.0;22000.0;;;;;;;;;;;;;;;;;;;;;;;;
33406;158.0;378.0;19840.0;;;;;;;;;;;;;;;;;;;;;;;;
33407;298.0;840.0;21500.0;;;;;;;;;;;;;;;;;;;;;;;;
33408;143.0;395.0;25040.0;;;;;;;;;;;;;;;;;;;;;;;;
33409;;;;;;;;;;;;;;;;;;;;;;;;;;;
33411;59.0;156.0;19920.0;;;;;;;;;;;;;;;;;;;;;;;;
33412;516.0;1305.0;19500.0;;;;;;;;;;;;;;;;;;;;;;;;
33413;890.0;2232.0;23170.0;58.0;;;;;;;;;;74.6;65.8;3.5;5.3;28.6;8.9;3.6;1.7;1.2;0.7;-15.7;14010.0;37880.0;2.7
33414;147.0;395.0;21010.0;;;;;;;;;;;;;;;;;;;;;;;;
33415;726.0;1882.0;21780.0;;;;;;;;;;;;;;;;;;;;;;;;
33416;399.0;992.0;19200.0;;;;;;;;;;;;;;;;;;;;;;;;
33417;1068.0;2911.0;23100.0;54.0;7.0;;;;;;;;;84.4;76.3;3.6;4.5;20.4;5.9;4.0;2.2;1.2;0.6;-14.7;14100.0;34670.0;2.5
33418;154.0;376.0;20530.0;;;;;;;;;;;;;;;;;;;;;;;;
33419;;;;;;;;;;;;;;;;;;;;;;;;;;;
33420;53.0;146.0;22760.0;;;;;;;;;;;;;;;;;;;;;;;;
33421;173.0;416.0;20520.0;;;;;;;;;;;;;;;;;;;;;;;;
33422;3330.0;8841.0;25240.0;68.0;6.0;;;;;;;;12.0;89.0;80.8;3.2;5.0;18.1;8.1;3.1;1.6;0.9;0.6;-18.3;14900.0;41960.0;2.8
33423;274.0;633.0;20050.0;;;;;;;;;;;;;;;;;;;;;;;;
33424;1924.0;4836.0;20670.0;47.0;11.0;;;;;;;7.0;23.0;75.5;67.5;3.8;4.2;27.1;6.3;5.3;2.7;1.6;1.0;-14.2;12410.0;32160.0;2.6
33425;564.0;1506.0;22020.0;;;;;;;;;;;;;;;;;;;;;;;;
33426;114.0;245.0;21830.0;;;;;;;;;;;;;;;;;;;;;;;;
33427;96.0;246.0;20830.0;;;;;;;;;;;;;;;;;;;;;;;;
33428;;;;;;;;;;;;;;;;;;;;;;;;;;;
33429;128.0;318.0;18010.0;;;;;;;;;;;;;;;;;;;;;;;;
33431;129.0;332.0;20780.0;;;;;;;;;;;;;;;;;;;;;;;;
33432;75.0;214.0;19160.0;;;;;;;;;;;;;;;;;;;;;;;;
33433;3822.0;9715.0;22240.0;57.0;9.0;;;12.0;;;;5.0;17.0;77.9;70.0;3.8;4.1;25.2;8.0;4.7;2.2;1.5;1.0;-15.8;13050.0;35980.0;2.8
33434;846.0;2111.0;20190.0;45.0;12.0;;;;;;;;;73.3;66.4;4.6;2.3;26.6;6.4;6.9;2.8;2.5;1.6;-13.2;11990.0;30340.0;2.5
33435;890.0;1978.0;19080.0;;;;;;;;;;;;;;;;;;;;;;;;
33436;400.0;1044.0;20790.0;;;;;;;;;;;;;;;;;;;;;;;;
33437;861.0;2005.0;19370.0;47.0;14.0;;;;;;;;;57.6;47.6;3.4;6.6;39.1;11.9;4.9;2.2;1.7;1.0;-13.5;11410.0;33030.0;2.9
33438;773.0;2008.0;19610.0;45.0;14.0;;;;;;;;;69.9;62.5;3.6;3.8;29.3;7.6;7.2;3.5;2.3;1.4;-14.0;11320.0;31050.0;2.7
33439;589.0;1544.0;19430.0;;;;;;;;;;;;;;;;;;;;;;;;
33440;97.0;246.0;20900.0;;;;;;;;;;;;;;;;;;;;;;;;
33441;524.0;1133.0;21820.0;;;;;;;;;;;;;;;;;;;;;;;;
33442;202.0;513.0;19960.0;;;;;;;;;;;;;;;;;;;;;;;;
33443;59.0;146.0;22370.0;;;;;;;;;;;;;;;;;;;;;;;;
33444;229.0;577.0;19900.0;;;;;;;;;;;;;;;;;;;;;;;;
33445;328.0;863.0;21080.0;;;;;;;;;;;;;;;;;;;;;;;;
33446;69.0;162.0;22310.0;;;;;;;;;;;;;;;;;;;;;;;;
33447;1075.0;2404.0;18240.0;36.0;20.0;;;;;;;;34.0;61.1;52.6;4.2;4.3;34.0;8.9;8.7;2.8;3.7;2.2;-12.7;10070.0;28700.0;2.9
33448;1150.0;3074.0;23930.0;60.0;;;;;;;;;;80.2;73.1;2.8;4.3;23.1;9.7;3.2;1.9;0.8;0.5;-16.2;15160.0;36950.0;2.4
33449;13189.0;32015.0;24640.0;64.0;7.0;15.0;8.0;9.0;5.0;;;5.0;15.0;78.6;72.3;2.9;3.4;28.6;7.2;3.6;1.7;1.1;0.8;-18.0;14110.0;40160.0;2.8
33450;106.0;220.0;16520.0;;;;;;;;;;;;;;;;;;;;;;;;
33451;211.0;532.0;20780.0;;;;;;;;;;;;;;;;;;;;;;;;
33452;287.0;763.0;22310.0;;;;;;;;;;;;;;;;;;;;;;;;
33453;92.0;210.0;20570.0;;;;;;;;;;;;;;;;;;;;;;;;
33454;624.0;1750.0;24990.0;;;;;;;;;;;;;;;;;;;;;;;;
33456;202.0;468.0;21220.0;;;;;;;;;;;;;;;;;;;;;;;;
33457;226.0;579.0;21990.0;;;;;;;;;;;;;;;;;;;;;;;;
33458;400.0;975.0;18730.0;;;;;;;;;;;;;;;;;;;;;;;;
33459;103.0;210.0;20970.0;;;;;;;;;;;;;;;;;;;;;;;;
33460;244.0;579.0;19960.0;;;;;;;;;;;;;;;;;;;;;;;;
33461;161.0;365.0;20320.0;;;;;;;;;;;;;;;;;;;;;;;;
33462;201.0;454.0;20400.0;;;;;;;;;;;;;;;;;;;;;;;;
33463;591.0;1351.0;19630.0;;;;;;;;;;;;;;;;;;;;;;;;
33464;131.0;319.0;21070.0;;;;;;;;;;;;;;;;;;;;;;;;
33465;481.0;1217.0;20220.0;;;;;;;;;;;;;;;;;;;;;;;;
33466;1082.0;2552.0;20060.0;43.0;9.0;;;;;;;;;87.4;79.0;4.0;4.4;14.8;4.9;5.8;2.7;1.9;1.2;-12.9;13020.0;30080.0;2.3
33467;107.0;232.0;19980.0;;;;;;;;;;;;;;;;;;;;;;;;
33468;182.0;409.0;20510.0;;;;;;;;;;;;;;;;;;;;;;;;
33470;336.0;823.0;22980.0;;;;;;;;;;;;;;;;;;;;;;;;
33471;524.0;1260.0;21970.0;;;;;;;;;;;;;;;;;;;;;;;;
33472;151.0;391.0;20260.0;;;;;;;;;;;;;;;;;;;;;;;;
33473;1236.0;3176.0;19170.0;37.0;15.0;;;;;;;12.0;23.0;74.9;66.2;3.6;5.1;24.4;6.1;7.4;3.4;2.5;1.5;-12.8;11640.0;29980.0;2.6
33474;1111.0;3129.0;24590.0;64.0;;;;;;;;;;90.4;81.3;3.3;5.8;16.7;6.2;3.2;2.3;0.6;0.3;-16.5;15330.0;37680.0;2.5
33475;166.0;438.0;20880.0;;;;;;;;;;;;;;;;;;;;;;;;
33476;306.0;697.0;18490.0;;;;;;;;;;;;;;;;;;;;;;;;
33477;371.0;712.0;20410.0;;;;;;;;;;;;;;;;;;;;;;;;
33478;1546.0;3237.0;17160.0;33.0;20.0;;;30.0;;;;;30.0;54.6;48.7;4.1;1.8;40.5;5.9;10.4;3.0;4.6;2.8;-11.4;10550.0;27330.0;2.6
33479;93.0;239.0;20400.0;;;;;;;;;;;;;;;;;;;;;;;;
33480;618.0;1408.0;20740.0;;;;;;;;;;;;;;;;;;;;;;;;
33481;91.0;224.0;19980.0;;;;;;;;;;;;;;;;;;;;;;;;
33482;102.0;255.0;19900.0;;;;;;;;;;;;;;;;;;;;;;;;
33483;1915.0;4647.0;23850.0;58.0;6.0;;;;;;;;;70.2;63.5;3.1;3.6;31.8;13.2;3.1;1.5;0.9;0.7;-18.3;14130.0;43070.0;3.0
33484;788.0;1793.0;18980.0;;;;;;;;;;;;;;;;;;;;;;;;
33485;729.0;1714.0;20520.0;;;;;;;;;;;;;;;;;;;;;;;;
33486;134.0;328.0;19800.0;;;;;;;;;;;;;;;;;;;;;;;;
33487;374.0;925.0;20950.0;;;;;;;;;;;;;;;;;;;;;;;;
33488;149.0;342.0;22080.0;;;;;;;;;;;;;;;;;;;;;;;;
33489;136.0;359.0;21610.0;;;;;;;;;;;;;;;;;;;;;;;;
33490;894.0;1823.0;18720.0;;;;;;;;;;;;;;;;;;;;;;;;
33491;161.0;352.0;18840.0;;;;;;;;;;;;;;;;;;;;;;;;
33492;976.0;2444.0;18650.0;35.0;18.0;;;;;;;;34.0;73.9;67.1;5.0;1.8;23.3;4.5;9.5;3.6;3.5;2.4;-11.2;10720.0;27490.0;2.6
33493;161.0;350.0;21630.0;;;;;;;;;;;;;;;;;;;;;;;;
33494;397.0;1127.0;24050.0;;;;;;;;;;;;;;;;;;;;;;;;
33496;1012.0;2639.0;24670.0;63.0;;;;;;;;;;79.6;71.3;2.9;5.4;26.3;8.4;2.7;1.5;0.7;0.5;-17.0;14860.0;39760.0;2.7
33498;2902.0;7534.0;22580.0;54.0;7.0;;;;;;;5.0;15.0;77.8;68.6;3.3;5.9;26.3;7.6;4.0;2.2;1.1;0.7;-15.7;13880.0;36700.0;2.6
33499;143.0;345.0;19750.0;;;;;;;;;;;;;;;;;;;;;;;;
33500;184.0;450.0;20240.0;;;;;;;;;;;;;;;;;;;;;;;;
33501;1200.0;3255.0;24610.0;62.0;;;;;;;;;;83.5;75.8;2.7;5.0;21.8;7.6;3.1;2.0;0.7;0.4;-16.0;15370.0;38410.0;2.5
33502;169.0;452.0;18900.0;;;;;;;;;;;;;;;;;;;;;;;;
33503;216.0;526.0;21780.0;;;;;;;;;;;;;;;;;;;;;;;;
33504;299.0;786.0;21230.0;;;;;;;;;;;;;;;;;;;;;;;;
33505;592.0;1539.0;20730.0;;;;;;;;;;;;;;;;;;;;;;;;
33506;893.0;1841.0;17770.0;;;;;;;;;;;;;;;;;;;;;;;;
33507;153.0;344.0;19810.0;;;;;;;;;;;;;;;;;;;;;;;;
33508;245.0;637.0;19630.0;;;;;;;;;;;;;;;;;;;;;;;;
33509;209.0;501.0;21670.0;;;;;;;;;;;;;;;;;;;;;;;;
33510;78.0;206.0;21490.0;;;;;;;;;;;;;;;;;;;;;;;;
33511;141.0;341.0;18600.0;;;;;;;;;;;;;;;;;;;;;;;;
33512;151.0;361.0;18470.0;;;;;;;;;;;;;;;;;;;;;;;;
33513;54.0;112.0;16080.0;;;;;;;;;;;;;;;;;;;;;;;;
33514;1468.0;2647.0;20860.0;48.0;15.0;;;;;;;;24.0;43.3;32.6;3.1;7.6;54.5;14.8;4.1;1.0;2.1;1.0;-16.7;10770.0;36870.0;3.4
33515;167.0;412.0;20550.0;;;;;;;;;;;;;;;;;;;;;;;;
33516;72.0;186.0;17830.0;;;;;;;;;;;;;;;;;;;;;;;;
33517;638.0;1655.0;21430.0;;;;;;;;;;;;;;;;;;;;;;;;
33518;448.0;1120.0;23000.0;;;;;;;;;;;;;;;;;;;;;;;;
33519;4067.0;10407.0;25240.0;67.0;5.0;;;;;;;;15.0;81.4;73.9;2.7;4.8;26.4;8.1;3.3;1.6;1.1;0.6;-19.2;14940.0;41310.0;2.8
33520;115.0;289.0;17160.0;;;;;;;;;;;;;;;;;;;;;;;;
33521;337.0;724.0;18160.0;;;;;;;;;;;;;;;;;;;;;;;;
33522;17391.0;35199.0;21760.0;54.0;16.0;35.0;15.0;15.0;14.0;9.0;;5.0;27.0;77.7;68.4;3.4;5.9;25.9;8.5;6.1;1.7;2.4;2.0;-18.2;10670.0;40270.0;3.8
33523;861.0;1990.0;20080.0;;;;;;;;;;;;;;;;;;;;;;;;
33524;119.0;304.0;22800.0;;;;;;;;;;;;;;;;;;;;;;;;
33525;547.0;1334.0;19820.0;;;;;;;;;;;;;;;;;;;;;;;;
33526;62.0;139.0;19780.0;;;;;;;;;;;;;;;;;;;;;;;;
33527;3412.0;8339.0;22340.0;57.0;9.0;;;11.0;;;;5.0;17.0;75.2;66.0;3.7;5.5;29.4;7.2;3.7;1.9;1.1;0.7;-15.5;13210.0;35920.0;2.7
33528;229.0;574.0;22650.0;;;;;;;;;;;;;;;;;;;;;;;;
33529;13116.0;27298.0;22180.0;57.0;10.0;16.0;13.0;14.0;13.0;6.0;6.0;5.0;18.0;61.0;49.8;3.4;7.8;41.2;14.0;3.4;1.2;1.4;0.8;-19.6;12560.0;41020.0;3.3
33530;336.0;882.0;20370.0;;;;;;;;;;;;;;;;;;;;;;;;
33531;129.0;345.0;21260.0;;;;;;;;;;;;;;;;;;;;;;;;
33532;201.0;483.0;22290.0;;;;;;;;;;;;;;;;;;;;;;;;
33533;1146.0;2625.0;18850.0;43.0;16.0;;;;;;;;26.0;61.8;55.8;3.7;2.3;36.1;7.1;7.9;2.9;3.1;1.9;-12.9;10730.0;29570.0;2.8
33534;347.0;824.0;21800.0;;;;;;;;;;;;;;;;;;;;;;;;
33535;1891.0;4770.0;23590.0;62.0;8.0;;;;;;;;18.0;74.7;68.2;2.7;3.8;29.3;9.2;3.6;1.9;0.9;0.8;-16.8;13770.0;39000.0;2.8
33536;98.0;268.0;19830.0;;;;;;;;;;;;;;;;;;;;;;;;
33537;202.0;438.0;19600.0;;;;;;;;;;;;;;;;;;;;;;;;
33538;227.0;529.0;18480.0;;;;;;;;;;;;;;;;;;;;;;;;
33539;1630.0;4053.0;21890.0;52.0;8.0;;;;;;;;18.0;78.9;71.3;3.7;3.9;23.6;7.5;4.3;2.3;1.1;0.9;-14.3;13710.0;34310.0;2.5
33540;1304.0;2558.0;19780.0;46.0;19.0;;;;;;;14.0;32.0;52.0;39.7;3.9;8.4;46.3;11.7;5.0;1.4;2.3;1.3;-15.0;9730.0;34640.0;3.6
33541;466.0;998.0;19770.0;;;;;;;;;;;;;;;;;;;;;;;;
33542;333.0;905.0;20960.0;;;;;;;;;;;;;;;;;;;;;;;;
33543;404.0;968.0;18590.0;;;;;;;;;;;;;;;;;;;;;;;;
33544;807.0;1476.0;19250.0;;;;;;;;;;;;;;;;;;;;;;;;
33545;494.0;1236.0;20260.0;;;;;;;;;;;;;;;;;;;;;;;;
33546;176.0;433.0;21440.0;;;;;;;;;;;;;;;;;;;;;;;;
33547;481.0;1093.0;19010.0;;;;;;;;;;;;;;;;;;;;;;;;
33548;483.0;1262.0;20880.0;;;;;;;;;;;;;;;;;;;;;;;;
33549;134.0;319.0;22130.0;;;;;;;;;;;;;;;;;;;;;;;;
33550;15309.0;34448.0;21930.0;56.0;11.0;16.0;13.0;13.0;11.0;7.0;;5.0;21.0;78.6;71.1;3.3;4.2;25.6;7.0;5.1;1.9;1.9;1.3;-16.3;12290.0;35090.0;2.9
33551;171.0;394.0;18030.0;;;;;;;;;;;;;;;;;;;;;;;;
33552;430.0;1057.0;21110.0;;;;;;;;;;;;;;;;;;;;;;;;
33553;372.0;973.0;21660.0;;;;;;;;;;;;;;;;;;;;;;;;
33554;1219.0;2955.0;24020.0;61.0;7.0;;;;;;;;;74.8;65.1;3.4;6.3;29.9;10.5;3.3;1.5;1.1;0.7;-18.5;13720.0;40510.0;3.0
33555;1801.0;4867.0;22920.0;57.0;6.0;;;;;;;;;84.5;78.2;3.3;3.0;20.9;5.8;4.0;2.3;1.1;0.6;-15.2;14180.0;34060.0;2.4
