"Date et heure locale";"Bordeaux (Garonne) (m)";"Bayon-sur-Gironde [Bec d'Ambès] (Dordogne) (m)";"Ambès [Le Marquis] (Garonne) (m)";"Bassens (Garonne) (m)"
"2025-12-08 01:00:00";2,27;1,98;1,95;2,12
"2025-12-08 02:00:00";1,56;1,37;1,3;1,43
"2025-12-08 03:00:00";1;0,84;0,78;0,88
"2025-12-08 04:00:00";0,54;0,47;0,36;0,43
"2025-12-08 05:00:00";0,17;1,98;1,44;0,2
"2025-12-08 06:00:00";2,38;3,3;3,03;2,58
"2025-12-08 07:00:00";3,96;4,4;4,37;4,08
"2025-12-08 08:00:00";5,02;5,28;5,24;5,11
"2025-12-08 09:00:00";5,64;5,55;5,5;5,59
"2025-12-08 10:00:00";5,51;5,02;5,03;5,33
"2025-12-08 11:00:00";4,53;4,03;4,05;4,36
"2025-12-08 12:00:00";3,44;3,05;3,05;3,28
"2025-12-08 13:00:00";2,52;2,22;2,19;2,36
"2025-12-08 14:00:00";1,77;1,56;1,5;1,63
"2025-12-08 15:00:00";1,17;1,01;0,96;1,05
"2025-12-08 16:00:00";0,69;0,55;0,49;0,58
"2025-12-08 17:00:00";0,25;0,46;0,15;0,16
"2025-12-08 18:00:00";0,24;2,23;1,76;0,95
"2025-12-08 19:00:00";2,74;3,43;3,26;2,88
"2025-12-08 20:00:00";4,03;4,38;4,36;4,14
"2025-12-08 21:00:00";4,86;5,06;5,02;4,91
"2025-12-08 22:00:00";5,34;5,09;5,07;5,26
"2025-12-08 23:00:00";4,91;4,43;4,45;4,76
"2025-12-09 00:00:00";3,93;3,45;3,46;3,76
"2025-12-09 01:00:00";2,91;2,57;2,56;2,75
"2025-12-09 02:00:00";2,09;1,83;1,79;1,93
"2025-12-09 03:00:00";1,4;1,24;1,18;1,27
"2025-12-09 04:00:00";0,86;0,75;0,68;0,75
"2025-12-09 05:00:00";0,42;0,57;0,32;0,34
"2025-12-09 06:00:00";0,27;2,23;1,76;0,99
"2025-12-09 07:00:00";2,65;3,44;3,22;2,8
"2025-12-09 08:00:00";4,03;4,44;4,4;4,15
"2025-12-09 09:00:00";4,94;5,12;5,09;5
"2025-12-09 10:00:00";5,42;5,3;5,29;5,36
"2025-12-09 11:00:00";5,18;4,71;4,73;5,02
"2025-12-09 12:00:00";4,23;3,8;3,79;4,08
"2025-12-09 13:00:00";3,22;2,91;2,9;3,09
"2025-12-09 14:00:00";2,37;2,12;2,08;2,22
"2025-12-09 15:00:00";1,64;1,48;1,42;1,52
"2025-12-09 16:00:00";1,07;0,96;0,88;0,96
"2025-12-09 17:00:00";0,59;0,53;0,44;0,5
"2025-12-09 18:00:00";0,21;1,3;0,7;0,16
"2025-12-09 19:00:00";1,47;2,61;2,28;1,74
"2025-12-09 20:00:00";3,1;3,65;3,54;3,25
"2025-12-09 21:00:00";4,19;4,47;4,44;4,25
"2025-12-09 22:00:00";4,83;4,86;4,81;4,8
"2025-12-09 23:00:00";5,02;4,76;4,75;4,92
"2025-12-10 00:00:00";4,49;4,1;4,11;4,36
"2025-12-10 01:00:00";3,6;3,22;3,23;3,46
"2025-12-10 02:00:00";2,69;2,43;2,4;2,55
"2025-12-10 03:00:00";1,93;1,71;1,68;1,8
"2025-12-10 04:00:00";1,29;1,17;1,1;1,18
"2025-12-10 05:00:00";0,79;0,72;0,63;0,7
"2025-12-10 06:00:00";0,38;1,05;0,43;0,31
"2025-12-10 07:00:00";1,12;2,42;2,06;1,44
"2025-12-10 08:00:00";2,9;3,54;3,38;3,03
"2025-12-10 09:00:00";4,08;4,39;4,37;4,18
"2025-12-10 10:00:00";4,79;4,92;4,84;4,79
"2025-12-10 11:00:00";5,16;4,93;4,91;5,06
"2025-12-10 12:00:00";4,76;4,39;4,38;4,63
"2025-12-10 13:00:00";3,92;3,55;3,55;3,79
"2025-12-10 14:00:00";2,99;2,73;2,71;2,87
"2025-12-10 15:00:00";2,19;1,97;1,94;2,06
"2025-12-10 16:00:00";1,52;1,36;1,3;1,4
"2025-12-10 17:00:00";0,97;0,86;0,8;0,86
"2025-12-10 18:00:00";0,52;0,49;0,38;0,43
"2025-12-10 19:00:00";0,16;1,49;0,94;0,14
"2025-12-10 20:00:00";1,67;2,61;2,3;1,9
"2025-12-10 21:00:00";3,05;3,5;3,4;3,16
"2025-12-10 22:00:00";3,94;4,15;4,11;3,99
"2025-12-10 23:00:00";4,47;4,49;4,42;4,41
"2025-12-11 00:00:00";4,59;4,29;4,28;4,47
"2025-12-11 01:00:00";4,03;3,7;3,69;3,9
"2025-12-11 02:00:00";3,22;2,94;2,92;3,11
"2025-12-11 03:00:00";2,42;2,22;2,18;2,31
"2025-12-11 04:00:00";1,73;1,55;1,52;1,62
"2025-12-11 05:00:00";1,14;1,02;0,95;1,03
"2025-12-11 06:00:00";0,66;0,61;0,51;0,57
"2025-12-11 07:00:00";0,28;1,32;0,71;0,23
"2025-12-11 08:00:00";1,41;2,5;2,17;1,67
"2025-12-11 09:00:00";2,91;3,48;3,35;3,06
"2025-12-11 10:00:00";3,97;4,22;4,19;4,03
"2025-12-11 11:00:00";4,53;4,64;4,57;4,52
"2025-12-11 12:00:00";4,78;4,56;4,53;4,68
"2025-12-11 13:00:00";4,35;4,03;4;4,22
"2025-12-11 14:00:00";3,57;3,34;3,31;3,48
"2025-12-11 15:00:00";2,78;2,6;2,57;2,69
"2025-12-11 16:00:00";2,06;1,88;1,84;1,95
"2025-12-11 17:00:00";1,42;1,28;1,22;1,32
"2025-12-11 18:00:00";0,88;0,83;0,74;0,8
"2025-12-11 19:00:00";0,46;0,64;0,41;0,4
"2025-12-11 20:00:00";0,29;1,79;1,37;0,64
"2025-12-11 21:00:00";1,98;2,72;2,48;2,12
"2025-12-11 22:00:00";3,12;3,54;3,41;3,2
"2025-12-11 23:00:00";3,9;4,1;4,05;3,95
"2025-12-12 00:00:00";4,38;4,37;4,28;4,34
"2025-12-12 01:00:00";4,46;4,24;4,19;4,34
"2025-12-12 02:00:00";4,02;3,73;3,72;3,91
"2025-12-12 03:00:00";3,23;2,98;2,97;3,12
"2025-12-12 04:00:00";2,45;2,23;2,21;2,34
"2025-12-12 05:00:00";1,76;1,57;1,53;1,65
"2025-12-12 06:00:00";1,17;1,06;0,98;1,07
"2025-12-12 07:00:00";0,7;0,73;0,6;0,63
"2025-12-12 08:00:00";0,39;1,51;1,05;0,41
"2025-12-12 09:00:00";1,66;2,57;2,26;1,87
"2025-12-12 10:00:00";2,95;3,44;3,28;3,04
"2025-12-12 11:00:00";3,85;4,09;4,02;3,89
"2025-12-12 12:00:00";4,4;4,42;4,34;4,33
"2025-12-12 13:00:00";4,63;4,42;4,39;4,53
"2025-12-12 14:00:00";4,3;4,03;4,01;4,2
"2025-12-12 15:00:00";3,55;3,32;3,28;3,42
"2025-12-12 16:00:00";2,76;2,59;2,56;2,67
"2025-12-12 17:00:00";2,08;1,92;1,87;1,98
"2025-12-12 18:00:00";1,48;1,35;1,28;1,38
"2025-12-12 19:00:00";0,98;0,92;0,82;0,89
"2025-12-12 20:00:00";0,58;0,83;0,58;0,52
"2025-12-12 21:00:00";0,57;1,76;1,39;0,78
"2025-12-12 22:00:00";1,96;2,65;2,42;2,1
"2025-12-12 23:00:00";3,01;3,39;3,26;3,08
"2025-12-13 00:00:00";3,75;3,96;3,89;3,77
"2025-12-13 01:00:00";4,31;4,24;4,2;4,27
"2025-12-13 02:00:00";4,37;4,13;4,08;4,26
"2025-12-13 03:00:00";3,88;3,65;3,6;3,77
"2025-12-13 04:00:00";3,14;2,92;2,9;3,04
"2025-12-13 05:00:00";2,42;2,21;2,18;2,3
"2025-12-13 06:00:00";1,78;1,6;1,55;1,67
"2025-12-13 07:00:00";1,23;1,1;1,02;1,12
"2025-12-13 08:00:00";0,77;0,79;0,65;0,69
"2025-12-13 09:00:00";0,49;1,46;1,06;0,49
"2025-12-13 10:00:00";1,59;2,39;2,13;1,77
"2025-12-13 11:00:00";2,72;3,21;3,04;2,81
"2025-12-13 12:00:00";3,61;3,87;3,77;3,66
"2025-12-13 13:00:00";4,2;4,21;4,12;4,13
"2025-12-13 14:00:00";4,44;4,24;4,21;4,31
"2025-12-13 15:00:00";4,12;3,94;3,89;4,04
"2025-12-13 16:00:00";3,49;3,27;3,25;3,39
"2025-12-13 17:00:00";2,73;2,55;2,51;2,61
"2025-12-13 18:00:00";2,06;1,89;1,85;1,96
"2025-12-13 19:00:00";1,48;1,33;1,28;1,38
"2025-12-13 20:00:00";0,99;0,92;0,83;0,9
"2025-12-13 21:00:00";0,62;0,78;0,58;0,55
"2025-12-13 22:00:00";0,5;1,66;1,32;0,76
"2025-12-13 23:00:00";1,84;2,54;2,3;2
"2025-12-14 00:00:00";2,86;3,26;3,13;2,93
"2025-12-14 01:00:00";3,61;3,86;3,78;3,65
"2025-12-14 02:00:00";4,19;4,13;4,07;4,11
"2025-12-14 03:00:00";4,31;4,12;4,07;4,23
"2025-12-14 04:00:00";3,91;3,64;3,62;3,82
"2025-12-14 05:00:00";3,17;2,93;2,92;3,05
"2025-12-14 06:00:00";2,44;2,24;2,2;2,33
"2025-12-14 07:00:00";1,81;1,61;1,58;1,7
"2025-12-14 08:00:00";1,26;1,13;1,06;1,16
"2025-12-14 09:00:00";0,82;0,81;0,69;0,74
"2025-12-14 10:00:00";0,51;1,31;0,88;0,5
"2025-12-14 11:00:00";1,41;2,33;2,05;1,64
"2025-12-14 12:00:00";2,63;3,15;2,97;2,74
"2025-12-14 13:00:00";3,52;3,82;3,72;3,58
"2025-12-14 14:00:00";4,13;4,23;4,16;4,12
"2025-12-14 15:00:00";4,47;4,26;4,26;4,39
"2025-12-14 16:00:00";4,15;3,89;3,86;4,03
"2025-12-14 17:00:00";3,47;3,24;3,22;3,37
"2025-12-14 18:00:00";2,73;2,55;2,52;2,63
"2025-12-14 19:00:00";2,08;1,89;1,86;1,98
"2025-12-14 20:00:00";1,51;1,34;1,3;1,4
"2025-12-14 21:00:00";1,03;0,91;0,84;0,93
"2025-12-14 22:00:00";0,64;0,69;0,54;0,57
"2025-12-14 23:00:00";0,43;1,61;1,23;0,55
"2025-12-15 00:00:00";1,79;2,52;2,26;1,94
"2025-12-15 01:00:00";2,86;3,33;3,18;2,96
"2025-12-15 02:00:00";3,7;3,97;3,88;3,76
"2025-12-15 03:00:00";4,32;4,32;4,24;4,28
"2025-12-15 04:00:00";4,44;4,19;4,16;4,33
"2025-12-15 05:00:00";3,96;3,64;3,62;3,84
"2025-12-15 06:00:00";3,18;2,91;2,91;3,06
"2025-12-15 07:00:00";2,43;2,18;2,16;2,32
"2025-12-15 08:00:00";1,78;1,57;1,54;1,68
"2025-12-15 09:00:00";1,24;1,1;1,04;1,14
"2025-12-15 10:00:00";0,81;0,79;0,67;0,73
"2025-12-15 11:00:00";0,52;1,34;0,94;0,52
"2025-12-15 12:00:00";1,46;2,31;2,03;1,67
"2025-12-15 13:00:00";2,6;3,18;3,01;2,73
"2025-12-15 14:00:00";3,57;3,95;3,84;3,65
"2025-12-15 15:00:00";4,28;4,42;4,35;4,28
"2025-12-15 16:00:00";4,66;4,51;4,48;4,57
"2025-12-15 17:00:00";4,4;4,15;4,11;4,27
"2025-12-15 18:00:00";3,76;3,43;3,42;3,64
"2025-12-15 19:00:00";2,91;2,69;2,66;2,8
"2025-12-15 20:00:00";2,21;2;1,97;2,1
"2025-12-15 21:00:00";1,61;1,44;1,38;1,5
"2025-12-15 22:00:00";1,1;1,01;0,93;1,02
"2025-12-15 23:00:00";0,71;0,88;0,65;0,64
"2025-12-16 00:00:00";0,62;1,9;1,55;0,91
"2025-12-16 01:00:00";2,09;2,85;2,61;2,24
"2025-12-16 02:00:00";3,19;3,71;3,58;3,3
"2025-12-16 03:00:00";4,1;4,39;4,33;4,17
"2025-12-16 04:00:00";4,7;4,7;4,63;4,66
"2025-12-16 05:00:00";4,74;4,43;4,4;4,6
"2025-12-16 06:00:00";4,12;3,75;3,76;3,98
"2025-12-16 07:00:00";3,27;2,95;2,95;3,13
"2025-12-16 08:00:00";2,48;2,23;2,21;2,36
"2025-12-16 09:00:00";1,82;1,6;1,57;1,71
"2025-12-16 10:00:00";1,26;1,13;1,06;1,17
"2025-12-16 11:00:00";0,82;0,89;0,72;0,75
"2025-12-16 12:00:00";0,59;1,56;1,19;0,64
"2025-12-16 13:00:00";1,65;2,52;2,25;1,84
"2025-12-16 14:00:00";2,85;3,42;3,26;2,96
"2025-12-16 15:00:00";3,79;4,13;4,04;3,86
"2025-12-16 16:00:00";4,46;4,55;4,48;4,44
"2025-12-16 17:00:00";4,67;4,54;4,49;4,58
"2025-12-16 18:00:00";4,36;4,04;4,03;4,25
"2025-12-16 19:00:00";3,6;3,25;3,26;3,47
"2025-12-16 20:00:00";2,76;2,5;2,47;2,63
"2025-12-16 21:00:00";2,04;1,82;1,78;1,93
"2025-12-16 22:00:00";1,44;1,28;1,23;1,34
"2025-12-16 23:00:00";0,96;0,88;0,8;0,87
"2025-12-17 00:00:00";0,58;0,81;0,55;0,52
"2025-12-17 01:00:00";0,59;1,96;1,6;1
"2025-12-17 02:00:00";2,21;2,98;2,76;2,36
"2025-12-17 03:00:00";3,39;3,89;3,78;3,52
"2025-12-17 04:00:00";4,25;4,5;4,43;4,3
"2025-12-17 05:00:00";4,78;4,69;4,65;4,73
"2025-12-17 06:00:00";4,65;4,29;4,29;4,52
"2025-12-17 07:00:00";3,91;3,51;3,51;3,77
"2025-12-17 08:00:00";3,03;2,71;2,7;2,89
"2025-12-17 09:00:00";2,26;2,02;2;2,13
"2025-12-17 10:00:00";1,65;1,45;1,41;1,54
"2025-12-17 11:00:00";1,14;0,99;0,93;1,04
"2025-12-17 12:00:00";0,74;0,68;0,57;0,65
"2025-12-17 13:00:00";0,44;1,52;1,08;0,43
"2025-12-17 14:00:00";1,74;2,56;2,29;1,93
"2025-12-17 15:00:00";3,04;3,44;3,33;3,12
"2025-12-17 16:00:00";3,96;4,16;4,11;3,99
"2025-12-17 17:00:00";4,64;4,59;4,53;4,57
"2025-12-17 18:00:00";4,92;4,58;4,6;4,81
"2025-12-17 19:00:00";4,33;3,93;3,94;4,19
"2025-12-17 20:00:00";3,41;3,05;3,04;3,25
"2025-12-17 21:00:00";2,62;2,3;2,28;2,47
"2025-12-17 22:00:00";1,98;1,66;1,65;1,83
"2025-12-17 23:00:00";1,44;1,15;1,12;1,3
"2025-12-18 00:00:00";1;0,76;0,71;0,88
"2025-12-18 01:00:00";0,65;1,07;0,61;0,54
"2025-12-18 02:00:00";1,17;2,33;2,02;1,46
"2025-12-18 03:00:00";2,84;3,37;3,24;2,97
"2025-12-18 04:00:00";3,97;4,22;4,17;4,03
"2025-12-18 05:00:00";4,8;4,79;4,76;4,76
"2025-12-18 06:00:00";5,18;4,82;4,85;5,06
"2025-12-18 07:00:00";4,62;4,16;4,16;4,46
"2025-12-18 08:00:00";3,64;3,26;3,27;3,49
"2025-12-18 09:00:00";2,79;2,46;2,45;2,64
"2025-12-18 10:00:00";2,12;1,81;1,78;1,98
"2025-12-18 11:00:00";1,57;1,27;1,25;1,43
"2025-12-18 12:00:00";1,1;0,83;0,79;0,97
"2025-12-18 13:00:00";0,7;0,62;0,47;0,58
"2025-12-18 14:00:00";0,45;1,87;1,48;0,69
"2025-12-18 15:00:00";2,27;2,96;2,75;2,44
"2025-12-18 16:00:00";3,53;3,95;3,84;3,61
"2025-12-18 17:00:00";4,55;4,72;4,67;4,59
"2025-12-18 18:00:00";5,23;5,04;5,05;5,18
"2025-12-18 19:00:00";5,18;4,75;4,76;5,04
"2025-12-18 20:00:00";4,33;3,89;3,88;4,18
"2025-12-18 21:00:00";3,34;3;2,98;3,17
"2025-12-18 22:00:00";2,53;2,22;2,2;2,4
"2025-12-18 23:00:00";1,89;1,62;1,57;1,75
"2025-12-19 00:00:00";1,36;1,12;1,07;1,24
"2025-12-19 01:00:00";0,92;0,79;0,68;0,82
"2025-12-19 02:00:00";0,61;1,7;1,22;0,55
"2025-12-19 03:00:00";2,05;2,89;2,63;2,27
"2025-12-19 04:00:00";3,49;3,92;3,84;3,58
"2025-12-19 05:00:00";4,55;4,73;4,71;4,59
"2025-12-19 06:00:00";5,27;5,14;5,11;5,2
"2025-12-19 07:00:00";5,32;4,85;4,88;5,17
"2025-12-19 08:00:00";4,44;3,96;3,97;4,26
"2025-12-19 09:00:00";3,4;3,1;3,08;3,25
"2025-12-19 10:00:00";2,63;2,35;2,33;2,5
"2025-12-19 11:00:00";1,97;1,7;1,68;1,84
"2025-12-19 12:00:00";1,43;1,17;1,14;1,3
"2025-12-19 13:00:00";0,97;0,75;0,7;0,84
"2025-12-19 14:00:00";0,57;1,06;0,57;0,48
"2025-12-19 15:00:00";1,13;2,26;1,94;1,39
"2025-12-19 16:00:00";2,72;3,33;3,17;2,85
"2025-12-19 17:00:00";3,89;4,24;4,18;3,96
"2025-12-19 18:00:00";4,73;4,82;4,77;4,71
"2025-12-19 19:00:00";5,13;4,83;4,83;5,02
"2025-12-19 20:00:00";4,68;4,21;4,24;4,51
"2025-12-19 21:00:00";3,71;3,29;3,31;3,56
"2025-12-19 22:00:00";2,79;2,49;2,48;2,64
"2025-12-19 23:00:00";2,08;1,81;1,78;1,95
"2025-12-20 00:00:00";1,49;1,26;1,22;1,37
"2025-12-20 01:00:00";1;0,81;0,75;0,89
"2025-12-20 02:00:00";0,59;0,65;0,43;0,49
"2025-12-20 03:00:00";0,43;2,03;1,62;0,94
"2025-12-20 04:00:00";2,42;3,16;2,96;2,57
"2025-12-20 05:00:00";3,73;4,23;4,15;3,86
"2025-12-20 06:00:00";4,76;4,95;4,92;4,81
"2025-12-20 07:00:00";5,28;5,07;5,05;5,2
"2025-12-20 08:00:00";4,98;4,47;4,48;4,8
"2025-12-20 09:00:00";4,01;3,59;3,61;3,86
"2025-12-20 10:00:00";3,06;2,74;2,72;2,89
"2025-12-20 11:00:00";2,27;2,01;1,98;2,13
"2025-12-20 12:00:00";1,63;1,42;1,37;1,52
"2025-12-20 13:00:00";1,11;0,92;0,86;1
"2025-12-20 14:00:00";0,66;0,54;0,46;0,57
"2025-12-20 15:00:00";0,31;1,49;1;0,27
"2025-12-20 16:00:00";1,73;2,71;2,43;1,97
"2025-12-20 17:00:00";3,24;3,78;3,66;3,36
"2025-12-20 18:00:00";4,35;4,64;4,61;4,43
"2025-12-20 19:00:00";5,06;5,05;5,01;5,03
"2025-12-20 20:00:00";5,12;4,67;4,68;4,96
"2025-12-20 21:00:00";4,31;3,82;3,84;4,14
"2025-12-20 22:00:00";3,3;2,97;2,97;3,14
"2025-12-20 23:00:00";2,48;2,21;2,18;2,33
"2025-12-21 00:00:00";1,79;1,57;1,53;1,66
"2025-12-21 01:00:00";1,24;1,04;1;1,12
"2025-12-21 02:00:00";0,76;0,63;0,55;0,66
"2025-12-21 03:00:00";0,38;1,34;0,76;0,32
"2025-12-21 04:00:00";1,54;2,62;2,3;1,78
"2025-12-21 05:00:00";3,14;3,74;3,61;3,29
"2025-12-21 06:00:00";4,41;4,77;4,73;4,5
"2025-12-21 07:00:00";5,26;5,34;5,3;5,26
"2025-12-21 08:00:00";5,48;5,1;5,09;5,35
"2025-12-21 09:00:00";4,77;4,26;4,28;4,59
"2025-12-21 10:00:00";3,71;3,31;3,33;3,55
"2025-12-21 11:00:00";2,79;2,5;2,47;2,63
"2025-12-21 12:00:00";2,05;1,81;1,77;1,91
"2025-12-21 13:00:00";1,45;1,26;1,22;1,34
"2025-12-21 14:00:00";0,96;0,8;0,74;0,86
"2025-12-21 15:00:00";0,55;0,63;0,42;0,46
"2025-12-21 16:00:00";0,38;2,08;1,67;0,96
"2025-12-21 17:00:00";2,5;3,29;3,07;2,65
"2025-12-21 18:00:00";3,9;4,33;4,26;4,01
"2025-12-21 19:00:00";4,87;5,04;4,99;4,91
"2025-12-21 20:00:00";5,43;5,18;5,18;5,35
"2025-12-21 21:00:00";5,08;4,62;4,64;4,91
"2025-12-21 22:00:00";4,16;3,69;3,72;3,99
"2025-12-21 23:00:00";3,14;2,83;2,8;2,97
"2025-12-22 00:00:00";2,36;2,1;2,08;2,21
"2025-12-22 01:00:00";1,73;1,5;1,46;1,59
"2025-12-22 02:00:00";1,2;1,01;0,96;1,08
"2025-12-22 03:00:00";0,78;0,73;0,6;0,67
"2025-12-22 04:00:00";0,51;1,9;1,46;0,59
"2025-12-22 05:00:00";2,33;3,15;2,91;2,53
"2025-12-22 06:00:00";3,85;4,24;4,19;3,96
"2025-12-22 07:00:00";4,9;5,06;5,05;4,95
"2025-12-22 08:00:00";5,55;5,3;5,29;5,46
"2025-12-22 09:00:00";5,34;4,77;4,82;5,16
"2025-12-22 10:00:00";4,27;3,85;3,86;4,09
"2025-12-22 11:00:00";3,26;2,94;2,92;3,1
"2025-12-22 12:00:00";2,46;2,17;2,16;2,31
"2025-12-22 13:00:00";1,8;1,56;1,51;1,66
"2025-12-22 14:00:00";1,27;1,02;0,98;1,14
"2025-12-22 15:00:00";0,81;0,61;0,56;0,68
"2025-12-22 16:00:00";0,45;1,2;0,62;0,35
"2025-12-22 17:00:00";1,41;2,48;2,16;1,66
"2025-12-22 18:00:00";3,07;3,61;3,49;3,21
"2025-12-22 19:00:00";4,3;4,53;4,51;4,36
"2025-12-22 20:00:00";5,1;5,02;5;5,05
"2025-12-22 21:00:00";5,33;4,83;4,87;5,17
"2025-12-22 22:00:00";4,56;4,05;4,08;4,38
"2025-12-22 23:00:00";3,51;3,13;3,13;3,33
"2025-12-23 00:00:00";2,69;2,33;2,33;2,51
"2025-12-23 01:00:00";2,03;1,69;1,68;1,86
"2025-12-23 02:00:00";1,51;1,16;1,15;1,33
"2025-12-23 03:00:00";1,08;0,74;0,72;0,9
"2025-12-23 04:00:00";0,73;1,05;0,56;0,56
"2025-12-23 05:00:00";1,25;2,39;2,09;1,54
"2025-12-23 06:00:00";3,13;3,59;3,5;3,25
"2025-12-23 07:00:00";4,48;4,6;4,6;4,49
"2025-12-23 08:00:00";5,47;5,3;5,32;5,39
"2025-12-23 09:00:00";5,74;5,26;5,3;5,57
"2025-12-23 10:00:00";4,98;4,46;4,47;4,79
"2025-12-23 11:00:00";3,91;3,48;3,48;3,71
"2025-12-23 12:00:00";3,11;2,64;2,65;2,9
"2025-12-23 13:00:00";2,45;1,98;1,98;2,24
"2025-12-23 14:00:00";1,92;1,42;1,44;1,71
"2025-12-23 15:00:00";1,49;0,96;0,98;1,27
"2025-12-23 16:00:00";1,14;0,66;0,63;0,91
"2025-12-23 17:00:00";0,86;1,86;1,41;0,69
"2025-12-23 18:00:00";2,6;3,08;2,92;2,73
"2025-12-23 19:00:00";4,09;4,15;4,18;4,08
"2025-12-23 20:00:00";5,15;4,89;4,94;5,06
"2025-12-23 21:00:00";5,47;5,07;5,08;5,32
"2025-12-23 22:00:00";4,9;4,5;4,5;4,76
"2025-12-23 23:00:00";4,01;3,63;3,61;3,82
"2025-12-24 00:00:00";3,28;2,78;2,8;3,07
"2025-12-24 01:00:00";2,65;2,08;2,11;2,41
"2025-12-24 02:00:00";2,12;1,53;1,56;1,88
"2025-12-24 03:00:00";1,68;1,09;1,12;1,45
"2025-12-24 04:00:00";1,33;0,75;0,76;1,09
"2025-12-24 05:00:00";1,05;1,73;1,29;0,82
"2025-12-24 06:00:00";2,44;2,97;2,81;2,58
"2025-12-24 07:00:00";4;4,06;4,11;4,04
"2025-12-24 08:00:00";5,08;4,89;4,94;5,01
"2025-12-24 09:00:00";5,59;5,28;5,28;5,48
"2025-12-24 10:00:00";5,22;4,91;4,9;5,1
"2025-12-24 11:00:00";4,39;3,99;3,98;4,21
"2025-12-24 12:00:00";3,55;3,12;3,12;3,34
"2025-12-24 13:00:00";2,9;2,36;2,39;2,66
"2025-12-24 14:00:00";2,34;1,75;1,8;2,1
"2025-12-24 15:00:00";1,87;1,24;1,3;1,63
"2025-12-24 16:00:00";1,47;0,82;0,88;1,22
"2025-12-24 17:00:00";1,14;0,64;0,57;0,87
"2025-12-24 18:00:00";0,92;2,15;1,79;1,03
"2025-12-24 19:00:00";3,03;3,3;3,26;3,17
"2025-12-24 20:00:00";4,3;4,21;4,23;4,22
"2025-12-24 21:00:00";5,05;4,74;4,79;4,96
"2025-12-24 22:00:00";4,96;4,67;4,64;4,83
"2025-12-24 23:00:00";4,29;3,96;3,95;4,16
"2025-12-25 00:00:00";3,51;3,15;3,15;3,32
"2025-12-25 01:00:00";2,87;2,41;2,42;2,65
"2025-12-25 02:00:00";2,31;1,8;1,82;2,08
"2025-12-25 03:00:00";1,84;1,29;1,31;1,6
"2025-12-25 04:00:00";1,46;0,86;0,9;1,21
"2025-12-25 05:00:00";1,12;0,64;0,58;0,87
"2025-12-25 06:00:00";0,9;2,01;1,62;0,84
"2025-12-25 07:00:00";2,86;3,17;3,09;2,98
"2025-12-25 08:00:00";4,17;4,2;4,23;4,16
"2025-12-25 09:00:00";5,14;4,94;4,98;5,07
"2025-12-25 10:00:00";5,43;5,11;5,1;5,3
"2025-12-25 11:00:00";4,87;4,48;4,49;4,74
"2025-12-25 12:00:00";3,9;3,54;3,53;3,72
"2025-12-25 13:00:00";3,11;2,71;2,7;2,91
"2025-12-25 14:00:00";2,46;2,02;2,01;2,25
"2025-12-25 15:00:00";1,93;1,44;1,44;1,71
"2025-12-25 16:00:00";1,46;0,96;0,97;1,25
"2025-12-25 17:00:00";1,06;0,58;0,58;0,85
"2025-12-25 18:00:00";0,73;1,32;0,8;0,54
"2025-12-25 19:00:00";1,76;2,5;2,31;1,92
"2025-12-25 20:00:00";3,3;3,56;3,54;3,39
"2025-12-25 21:00:00";4,38;4,34;4,33;4,35
"2025-12-25 22:00:00";5;4,71;4,71;4,88
"2025-12-25 23:00:00";4,81;4,45;4,45;4,68
"2025-12-26 00:00:00";3,98;3,68;3,65;3,82
"2025-12-26 01:00:00";3,2;2,88;2,85;3,03
"2025-12-26 02:00:00";2,53;2,14;2,14;2,35
"2025-12-26 03:00:00";1,96;1,55;1,54;1,77
"2025-12-26 04:00:00";1,48;1,05;1,05;1,29
"2025-12-26 05:00:00";1,06;0,65;0,64;0,87
"2025-12-26 06:00:00";0,71;1,14;0,65;0,54
"2025-12-26 07:00:00";1,4;2,32;2,06;1,61
"2025-12-26 08:00:00";2,95;3,39;3,29;3,06
"2025-12-26 09:00:00";4,14;4,31;4,3;4,19
"2025-12-26 10:00:00";5,01;4,88;4,88;4,94
"2025-12-26 11:00:00";5,24;4,81;4,83;5,09
"2025-12-26 12:00:00";4,52;4,11;4,1;4,36
"2025-12-26 13:00:00";3,58;3,27;3,24;3,42
"2025-12-26 14:00:00";2,85;2,49;2,48;2,68
"2025-12-26 15:00:00";2,23;1,82;1,82;2,05
"2025-12-26 16:00:00";1,68;1,26;1,28;1,51
"2025-12-26 17:00:00";1,22;0,8;0,81;1,05
"2025-12-26 18:00:00";0,81;0,51;0,46;0,66
"2025-12-26 19:00:00";0,53;1,64;1,23;0,48
"2025-12-26 20:00:00";2,05;2,68;2,48;2,22
"2025-12-26 21:00:00";3,29;3,57;3,5;3,34
"2025-12-26 22:00:00";4,18;4,2;4,19;4,18
"2025-12-26 23:00:00";4,65;4,42;4,4;4,55
"2025-12-27 00:00:00";4,45;4,02;4,02;4,31
"2025-12-27 01:00:00";3,59;3,33;3,31;3,46
"2025-12-27 02:00:00";2,89;2,57;2,56;2,74
"2025-12-27 03:00:00";2,27;1,93;1,92;2,11
"2025-12-27 04:00:00";1,74;1,36;1,36;1,58
"2025-12-27 05:00:00";1,27;0,9;0,9;1,11
"2025-12-27 06:00:00";0,86;0,57;0,52;0,72
"2025-12-27 07:00:00";0,56;1,36;0,96;0,44
"2025-12-27 08:00:00";1,66;2,38;2,15;1,83
"2025-12-27 09:00:00";2,91;3,37;3,26;3,02
"2025-12-27 10:00:00";3,98;4,18;4,13;4,01
"2025-12-27 11:00:00";4,75;4,64;4,64;4,7
"2025-12-27 12:00:00";4,91;4,57;4,58;4,79
"2025-12-27 13:00:00";4,31;3,92;3,9;4,15
"2025-12-27 14:00:00";3,44;3,12;3,1;3,3
"2025-12-27 15:00:00";2,72;2,36;2,36;2,56
"2025-12-27 16:00:00";2,09;1,73;1,72;1,94
"2025-12-27 17:00:00";1,56;1,19;1,19;1,41
"2025-12-27 18:00:00";1,11;0,77;0,76;0,96
"2025-12-27 19:00:00";0,73;0,64;0,45;0,59
"2025-12-27 20:00:00";0,57;1,82;1,46;0,87
"2025-12-27 21:00:00";2,2;2,79;2,62;2,34
"2025-12-27 22:00:00";3,29;3,56;3,48;3,34
"2025-12-27 23:00:00";4,04;4,09;4,05;4,03
"2025-12-28 00:00:00";4,46;4,21;4,2;4,36
"2025-12-28 01:00:00";4,21;3,92;3,89;4,09
"2025-12-28 02:00:00";3,52;3,32;3,29;3,4
"2025-12-28 03:00:00";2,89;2,61;2,59;2,76
"2025-12-28 04:00:00";2,29;1,96;1,95;2,15
"2025-12-28 05:00:00";1,75;1,4;1,39;1,6
"2025-12-28 06:00:00";1,29;0,94;0,93;1,13
"2025-12-28 07:00:00";0,89;0,61;0,57;0,75
"2025-12-28 08:00:00";0,58;1,39;0,95;0,49
"2025-12-28 09:00:00";1,7;2,43;2,21;1,86
"2025-12-28 10:00:00";2,92;3,35;3,25;3,02
"2025-12-28 11:00:00";3,91;4,1;4,04;3,94
"2025-12-28 12:00:00";4,6;4,54;4,48;4,54
"2025-12-28 13:00:00";4,81;4,47;4,46;4,68
"2025-12-28 14:00:00";4,23;3,98;3,95;4,11
"2025-12-28 15:00:00";3,5;3,16;3,14;3,35
"2025-12-28 16:00:00";2,75;2,42;2,42;2,61
"2025-12-28 17:00:00";2,14;1,78;1,77;1,98
"2025-12-28 18:00:00";1,6;1,25;1,24;1,46
"2025-12-28 19:00:00";1,14;0,83;0,81;1
"2025-12-28 20:00:00";0,76;0,78;0,52;0,63
"2025-12-28 21:00:00";0,74;1,88;1,57;1,03
"2025-12-28 22:00:00";2,21;2,76;2,6;2,33
"2025-12-28 23:00:00";3,19;3,5;3,41;3,25
"2025-12-29 00:00:00";3,93;4,01;3,96;3,92
"2025-12-29 01:00:00";4,38;4,24;4,2;4,3
"2025-12-29 02:00:00";4,32;4,06;4,02;4,2
"2025-12-29 03:00:00";3,72;3,5;3,47;3,62
"2025-12-29 04:00:00";3,03;2,73;2,7;2,9
"2025-12-29 05:00:00";2,38;2,06;2,05;2,25
"2025-12-29 06:00:00";1,81;1,48;1,47;1,68
"2025-12-29 07:00:00";1,33;1,01;0,99;1,19
"2025-12-29 08:00:00";0,92;0,68;0,62;0,79
"2025-12-29 09:00:00";0,6;1,43;1,04;0,52
"2025-12-29 10:00:00";1,68;2,39;2,16;1,84
"2025-12-29 11:00:00";2,82;3,3;3,18;2,91
"2025-12-29 12:00:00";3,79;4,02;3,97;3,83
"2025-12-29 13:00:00";4,5;4,52;4,47;4,47
"2025-12-29 14:00:00";4,84;4,57;4,55;4,72
"2025-12-29 15:00:00";4,4;4,05;4,05;4,26
"2025-12-29 16:00:00";3,59;3,23;3,21;3,44
"2025-12-29 17:00:00";2,82;2,48;2,47;2,68
"2025-12-29 18:00:00";2,18;1,83;1,83;2,04
"2025-12-29 19:00:00";1,64;1,3;1,3;1,5
"2025-12-29 20:00:00";1,17;0,87;0,85;1,04
"2025-12-29 21:00:00";0,79;0,76;0,57;0,66
"2025-12-29 22:00:00";0,66;1,84;1,51;0,95
"2025-12-29 23:00:00";2,14;2,71;2,54;2,25
"2025-12-30 00:00:00";3,08;3,46;3,35;3,16
"2025-12-30 01:00:00";3,89;4,07;3,99;3,91
"2025-12-30 02:00:00";4,49;4,41;4,37;4,42
"2025-12-30 03:00:00";4,55;4,29;4,27;4,43
"2025-12-30 04:00:00";4,01;3,69;3,69;3,88
"2025-12-30 05:00:00";3,24;2,91;2,89;3,1
"2025-12-30 06:00:00";2,54;2,2;2,2;2,4
"2025-12-30 07:00:00";1,95;1,62;1,6;1,81
"2025-12-30 08:00:00";1,45;1,12;1,11;1,32
"2025-12-30 09:00:00";1,02;0,74;0,72;0,89
"2025-12-30 10:00:00";0,68;1,16;0,74;0,57
"2025-12-30 11:00:00";1,29;2,15;1,9;1,48
"2025-12-30 12:00:00";2,48;3,05;2,88;2,61
"2025-12-30 13:00:00";3,48;3,84;3,75;3,56
"2025-12-30 14:00:00";4,31;4,44;4,39;4,32
"2025-12-30 15:00:00";4,81;4,62;4,6;4,72
"2025-12-30 16:00:00";4,59;4,2;4,21;4,45
"2025-12-30 17:00:00";3,77;3,38;3,37;3,62
"2025-12-30 18:00:00";2,95;2,62;2,6;2,8
"2025-12-30 19:00:00";2,3;1,95;1,95;2,15
"2025-12-30 20:00:00";1,74;1,39;1,4;1,6
"2025-12-30 21:00:00";1,26;0,93;0,92;1,12
"2025-12-30 22:00:00";0,84;0,62;0,55;0,72
"2025-12-30 23:00:00";0,54;1,51;1,14;0,51
"2025-12-31 00:00:00";1,75;2,43;2,21;1,91
"2025-12-31 01:00:00";2,83;3,32;3,19;2,92
"2025-12-31 02:00:00";3,76;4,03;3,95;3,81
"2025-12-31 03:00:00";4,5;4,56;4,51;4,48
"2025-12-31 04:00:00";4,87;4,56;4,56;4,75
"2025-12-31 05:00:00";4,37;3,95;3,96;4,22
"2025-12-31 06:00:00";3,5;3,08;3,1;3,34
"2025-12-31 07:00:00";2,71;2,34;2,34;2,56
"2025-12-31 08:00:00";2,07;1,71;1,72;1,92
"2025-12-31 09:00:00";1,54;1,19;1,2;1,4
"2025-12-31 10:00:00";1,08;0,77;0,78;0,96
"2025-12-31 11:00:00";0,7;0,73;0,48;0,59
"2025-12-31 12:00:00";0,71;1,88;1,56;1,06
"2025-12-31 13:00:00";2,18;2,86;2,68;2,31
"2025-12-31 14:00:00";3,3;3,74;3,63;3,39
"2025-12-31 15:00:00";4,16;4,43;4,36;4,23
"2025-12-31 16:00:00";4,83;4,77;4,72;4,79
"2025-12-31 17:00:00";4,89;4,55;4,55;4,77
"2025-12-31 18:00:00";4,18;3,68;3,7;3,99
"2025-12-31 19:00:00";3,21;2,83;2,82;3,04
"2025-12-31 20:00:00";2,46;2,11;2,11;2,31
"2025-12-31 21:00:00";1,86;1,5;1,5;1,71
"2025-12-31 22:00:00";1,34;1,01;1;1,2
"2025-12-31 23:00:00";0,9;0,63;0,6;0,77
"2026-01-01 00:00:00";0,53;1,3;0,9;0,44
"2026-01-01 01:00:00";1,46;2,35;2,08;1,66
"2026-01-01 02:00:00";2,75;3,38;3,21;2,9
"2026-01-01 03:00:00";3,82;4,22;4,13;3,92
"2026-01-01 04:00:00";4,65;4,8;4,74;4,68
"2026-01-01 05:00:00";5,1;4,79;4,78;4,97
"2026-01-01 06:00:00";4,6;4,15;4,17;4,44
"2026-01-01 07:00:00";3,67;3,24;3,25;3,51
"2026-01-01 08:00:00";2,8;2,42;2,43;2,65
"2026-01-01 09:00:00";2,12;1,76;1,76;1,98
"2026-01-01 10:00:00";1,56;1,21;1,21;1,42
"2026-01-01 11:00:00";1,07;0,76;0,75;0,94
"2026-01-01 12:00:00";0,66;0,49;0,4;0,55
"2026-01-01 13:00:00";0,37;1,7;1,28;0,49
"2026-01-01 14:00:00";1,97;2,78;2,56;2,16
"2026-01-01 15:00:00";3,23;3,79;3,67;3,36
"2026-01-01 16:00:00";4,3;4,64;4,58;4,39
"2026-01-01 17:00:00";5,13;5,09;5,06;5,11
"2026-01-01 18:00:00";5,21;4,82;4,81;5,07
"2026-01-01 19:00:00";4,47;3,87;3,91;4,27
"2026-01-01 20:00:00";3,38;2,94;2,95;3,21
"2026-01-01 21:00:00";2,57;2,17;2,18;2,41
"2026-01-01 22:00:00";1,92;1,56;1,54;1,76
"2026-01-01 23:00:00";1,38;1,04;1,03;1,23
"2026-01-02 00:00:00";0,92;0,64;0,61;0,79
"2026-01-02 01:00:00";0,54;1,28;0,71;0,44
"2026-01-02 02:00:00";1,48;2,48;2,24;1,7
"2026-01-02 03:00:00";2,94;3,59;3,44;3,12
"2026-01-02 04:00:00";4,11;4,53;4,45;4,21
"2026-01-02 05:00:00";5;5,18;5,12;5,04
"2026-01-02 06:00:00";5,5;5,16;5,18;5,39
"2026-01-02 07:00:00";4,91;4,36;4,39;4,73
"2026-01-02 08:00:00";3,84;3,34;3,36;3,65
"2026-01-02 09:00:00";2,9;2,51;2,5;2,73
"2026-01-02 10:00:00";2,19;1,82;1,82;2,03
"2026-01-02 11:00:00";1,62;1,26;1,24;1,46
"2026-01-02 12:00:00";1,11;0,79;0,77;0,97
"2026-01-02 13:00:00";0,69;0,44;0,39;0,56
"2026-01-02 14:00:00";0,35;1,64;1,16;0,29
"2026-01-02 15:00:00";1,95;2,83;2,6;2,18
"2026-01-02 16:00:00";3,35;3,92;3,8;3,47
"2026-01-02 17:00:00";4,45;4,83;4,75;4,54
"2026-01-02 18:00:00";5,32;5,35;5,31;5,31
"2026-01-02 19:00:00";5,46;4,99;5,01;5,29
"2026-01-02 20:00:00";4,57;3,93;3,98;4,37
"2026-01-02 21:00:00";3,42;2,98;2,97;3,23
"2026-01-02 22:00:00";2,59;2,19;2,19;2,42
"2026-01-02 23:00:00";1,91;1,55;1,53;1,75
"2026-01-03 00:00:00";1,35;1,03;1,01;1,21
"2026-01-03 01:00:00";0,88;0,61;0,58;0,76
"2026-01-03 02:00:00";0,48;1,27;0,61;0,38
"2026-01-03 03:00:00";1,5;2,61;2,34;1,75
"2026-01-03 04:00:00";3,09;3,78;3,65;3,28
"2026-01-03 05:00:00";4,31;4,8;4,73;4,45
"2026-01-03 06:00:00";5,27;5,48;5,41;5,33
"2026-01-03 07:00:00";5,71;5,33;5,36;5,6
"2026-01-03 08:00:00";4,93;4,37;4,39;4,73
"2026-01-03 09:00:00";3,81;3,34;3,35;3,61
"2026-01-03 10:00:00";2,88;2,49;2,48;2,7
"2026-01-03 11:00:00";2,15;1,8;1,78;1,99
"2026-01-03 12:00:00";1,55;1,23;1,21;1,41
"2026-01-03 13:00:00";1,06;0,75;0,73;0,92
"2026-01-03 14:00:00";0,62;0,38;0,33;0,5
"2026-01-03 15:00:00";0,26;1,68;1,18;0,19
"2026-01-03 16:00:00";2;2,89;2,67;2,22
"2026-01-03 17:00:00";3,45;4,05;3,93;3,58
"2026-01-03 18:00:00";4,6;5,01;4,94;4,71
"2026-01-03 19:00:00";5,5;5,47;5,44;5,49
"2026-01-03 20:00:00";5,48;5,01;5,02;5,31
"2026-01-03 21:00:00";4,53;3,86;3,92;4,31
"2026-01-03 22:00:00";3,36;2,9;2,9;3,15
"2026-01-03 23:00:00";2,51;2,13;2,13;2,34
"2026-01-04 00:00:00";1,85;1,52;1,48;1,69
"2026-01-04 01:00:00";1,3;0,99;0,97;1,16
"2026-01-04 02:00:00";0,84;0,56;0,53;0,7
"2026-01-04 03:00:00";0,43;1,45;0,85;0,32
"2026-01-04 04:00:00";1,74;2,77;2,53;1,97
"2026-01-04 05:00:00";3,29;3,93;3,81;3,47
"2026-01-04 06:00:00";4,49;4,96;4,87;4,63
"2026-01-04 07:00:00";5,47;5,56;5,52;5,47
"2026-01-04 08:00:00";5,76;5,33;5,36;5,61
"2026-01-04 09:00:00";4,94;4,32;4,36;4,73
"2026-01-04 10:00:00";3,76;3,28;3,29;3,55
"2026-01-04 11:00:00";2,82;2,43;2,42;2,64
"2026-01-04 12:00:00";2,1;1,76;1,74;1,94
"2026-01-04 13:00:00";1,52;1,19;1,17;1,37
"2026-01-04 14:00:00";1,03;0,7;0,69;0,88
"2026-01-04 15:00:00";0,6;0,34;0,3;0,46
"2026-01-04 16:00:00";0,24;1,76;1,25;0,16
"2026-01-04 17:00:00";2,13;2,99;2,77;2,35
"2026-01-04 18:00:00";3,55;4,12;4;3,67
"2026-01-04 19:00:00";4,69;5,05;4,98;4,79
"2026-01-04 20:00:00";5,5;5,42;5,4;5,48
"2026-01-04 21:00:00";5,36;4,78;4,84;5,16
"2026-01-04 22:00:00";4,28;3,66;3,71;4,08
"2026-01-04 23:00:00";3,17;2,74;2,73;2,97
"2026-01-05 00:00:00";2,35;2;1,98;2,18
"2026-01-05 01:00:00";1,72;1,38;1,36;1,56
"2026-01-05 02:00:00";1,18;0,87;0,86;1,04
"2026-01-05 03:00:00";0,73;0,46;0,43;0,59
"2026-01-05 04:00:00";0,34;1,64;1,1;0,23
"2026-01-05 05:00:00";2;2,98;2,73;2,27
"2026-01-05 06:00:00";3,57;4,17;4,04;3,71
"2026-01-05 07:00:00";4,75;5,14;5,07;4,86
"2026-01-05 08:00:00";5,63;5,61;5,57;5,59
"2026-01-05 09:00:00";5,71;5,18;5,21;5,54
"2026-01-05 10:00:00";4,69;4,09;4,13;4,49
"2026-01-05 11:00:00";3,53;3,07;3,08;3,34
"2026-01-05 12:00:00";2,64;2,26;2,24;2,46
"2026-01-05 13:00:00";1,95;1,61;1,58;1,78
"2026-01-05 14:00:00";1,39;1,06;1,05;1,23
"2026-01-05 15:00:00";0,91;0,59;0,58;0,76
"2026-01-05 16:00:00";0,48;0,25;0,18;0,35
"2026-01-05 17:00:00";0,13;2,01;1,54;0,5
"2026-01-05 18:00:00";2,45;3,22;2,99;2,63
"2026-01-05 19:00:00";3,77;4,33;4,23;3,94
"2026-01-05 20:00:00";4,83;5,12;5,06;4,91
"2026-01-05 21:00:00";5,51;5,28;5,26;5,43
"2026-01-05 22:00:00";5,11;4,5;4,56;4,92
"2026-01-05 23:00:00";3,96;3,37;3,42;3,75
"2026-01-06 00:00:00";2,91;2,48;2,48;2,71
"2026-01-06 01:00:00";2,13;1,76;1,74;1,94
"2026-01-06 02:00:00";1,5;1,2;1,16;1,35
"2026-01-06 03:00:00";1,01;0,7;0,68;0,87
"2026-01-06 04:00:00";0,58;0,35;0,29;0,45
"2026-01-06 05:00:00";0,23;2,01;1,49;0,32
"2026-01-06 06:00:00";2,46;3,28;3,07;2,67
"2026-01-06 07:00:00";3,85;4,43;4,33;4
"2026-01-06 08:00:00";4,97;5,28;5,22;5,07
"2026-01-06 09:00:00";5,72;5,58;5,55;5,66
"2026-01-06 10:00:00";5,5;4,94;4,97;5,3
"2026-01-06 11:00:00";4,43;3,86;3,9;4,23
"2026-01-06 12:00:00";3,33;2,88;2,88;3,13
"2026-01-06 13:00:00";2,48;2,11;2,1;2,29
"2026-01-06 14:00:00";1,83;1,5;1,46;1,66
"2026-01-06 15:00:00";1,29;0,96;0,95;1,14
"2026-01-06 16:00:00";0,83;0,51;0,5;0,68
"2026-01-06 17:00:00";0,42;0,63;0,16;0,29
"2026-01-06 18:00:00";0,83;2,34;1,99;1,3
"2026-01-06 19:00:00";2,86;3,48;3,35;3
"2026-01-06 20:00:00";4,02;4,46;4,36;4,13
"2026-01-06 21:00:00";4,91;5,06;5;4,94
"2026-01-06 22:00:00";5,28;4,89;4,91;5,16
"2026-01-06 23:00:00";4,62;4;4,06;4,43
"2026-01-07 00:00:00";3,5;3,02;3,04;3,3
"2026-01-07 01:00:00";2,58;2,2;2,18;2,4
"2026-01-07 01:05:00";2,52;2,14;2,13;2,34
"2026-01-07 01:10:00";2,45;2,08;2,06;2,27
"2026-01-07 01:15:00";2,39;2,03;2;2,21
"2026-01-07 01:20:00";2,33;1,96;1,94;2,15
"2026-01-07 01:25:00";2,26;1,91;1,88;2,08
"2026-01-07 01:30:00";2,21;1,85;1,83;2,03
"2026-01-07 01:35:00";2,15;1,79;1,77;1,97
"2026-01-07 01:40:00";2,09;1,74;1,71;1,92
"2026-01-07 01:45:00";2,03;1,69;1,66;1,87
"2026-01-07 01:50:00";1,98;1,63;1,61;1,81
"2026-01-07 01:55:00";1,93;1,59;1,56;1,76
"2026-01-07 02:00:00";1,88;1,54;1,5;1,71
"2026-01-07 02:05:00";1,83;1,49;1,46;1,66
"2026-01-07 02:10:00";1,77;1,44;1,41;1,6
"2026-01-07 02:15:00";1,72;1,39;1,36;1,56
"2026-01-07 02:20:00";1,67;1,35;1,31;1,51
"2026-01-07 02:25:00";1,62;1,3;1,27;1,46
"2026-01-07 02:30:00";1,58;1,25;1,23;1,41
"2026-01-07 02:35:00";1,53;1,21;1,18;1,37
"2026-01-07 02:40:00";1,48;1,16;1,14;1,32
"2026-01-07 02:45:00";1,44;1,12;1,1;1,28
"2026-01-07 02:50:00";1,39;1,08;1,05;1,23
"2026-01-07 02:55:00";1,35;1,03;1,01;1,19
"2026-01-07 03:00:00";1,31;0,99;0,97;1,15
"2026-01-07 03:05:00";1,27;0,95;0,93;1,11
"2026-01-07 03:10:00";1,23;0,91;0,89;1,07
"2026-01-07 03:15:00";1,18;0,87;0,85;1,03
"2026-01-07 03:20:00";1,14;0,83;0,81;0,99
"2026-01-07 03:25:00";1,1;0,79;0,77;0,96
"2026-01-07 03:30:00";1,06;0,75;0,73;0,92
"2026-01-07 03:35:00";1,02;0,71;0,69;0,87
"2026-01-07 03:40:00";0,98;0,68;0,65;0,84
"2026-01-07 03:45:00";0,95;0,64;0,62;0,8
"2026-01-07 03:50:00";0,91;0,6;0,58;0,76
"2026-01-07 03:55:00";0,87;0,57;0,55;0,73
"2026-01-07 04:00:00";0,83;0,54;0,51;0,69
"2026-01-07 04:05:00";0,79;0,5;0,48;0,66
"2026-01-07 04:10:00";0,75;0,47;0,44;0,62
"2026-01-07 04:15:00";0,72;0,44;0,41;0,59
"2026-01-07 04:20:00";0,69;0,41;0,38;0,55
"2026-01-07 04:25:00";0,65;0,38;0,34;0,52
"2026-01-07 04:30:00";0,62;0,35;0,31;0,48
"2026-01-07 04:35:00";0,58;0,33;0,28;0,45
"2026-01-07 04:40:00";0,55;0,31;0,25;0,42
"2026-01-07 04:45:00";0,52;0,3;0,23;0,39
"2026-01-07 04:50:00";0,48;0,3;0,2;0,36
"2026-01-07 04:55:00";0,45;0,33;0,18;0,32
"2026-01-07 05:00:00";0,42;0,56;0,17;0,3
"2026-01-07 05:05:00";0,39;0,85;0,16;0,27
"2026-01-07 05:10:00";0,36;1,07;0,2;0,24
"2026-01-07 05:15:00";0,33;1,23;0,46;0,21
"2026-01-07 05:20:00";0,3;1,36;0,73;0,18
"2026-01-07 05:25:00";0,27;1,5;0,93;0,16
"2026-01-07 05:30:00";0,24;1,64;1,12;0,14
"2026-01-07 05:35:00";0,21;1,78;1,26;0,12
"2026-01-07 05:40:00";0,19;1,9;1,39;0,13
"2026-01-07 05:45:00";0,17;2,01;1,53;0,42
"2026-01-07 05:50:00";0,15;2,12;1,67;0,83
"2026-01-07 05:55:00";0,2;2,23;1,81;1,06
"2026-01-07 06:00:00";0,78;2,32;1,95;1,23
"2026-01-07 06:05:00";1,03;2,43;2,1;1,39
"2026-01-07 06:10:00";1,25;2,54;2,22;1,55
"2026-01-07 06:15:00";1,48;2,64;2,35;1,74
"2026-01-07 06:20:00";1,66;2,74;2,48;1,89
"2026-01-07 06:25:00";1,84;2,85;2,59;2,11
"2026-01-07 06:30:00";2;2,96;2,71;2,24
"2026-01-07 06:35:00";2,15;3,06;2,82;2,37
"2026-01-07 06:40:00";2,3;3,18;2,93;2,51
"2026-01-07 06:45:00";2,43;3,28;3,04;2,63
"2026-01-07 06:50:00";2,58;3,39;3,16;2,77
"2026-01-07 06:55:00";2,73;3,48;3,3;2,89
"2026-01-07 07:00:00";2,83;3,56;3,41;3
"2026-01-07 07:05:00";2,98;3,65;3,52;3,14
"2026-01-07 07:10:00";3,08;3,77;3,62;3,26
"2026-01-07 07:15:00";3,18;3,84;3,7;3,38
"2026-01-07 07:20:00";3,3;3,93;3,8;3,49
"2026-01-07 07:25:00";3,42;4,03;3,89;3,6
"2026-01-07 07:30:00";3,55;4,12;4;3,67
"2026-01-07 07:35:00";3,65;4,21;4,08;3,78
"2026-01-07 07:40:00";3,74;4,29;4,18;3,88
"2026-01-07 07:45:00";3,83;4,39;4,27;3,97
"2026-01-07 07:50:00";3,93;4,47;4,35;4,08
"2026-01-07 07:55:00";4,03;4,56;4,43;4,16
"2026-01-07 08:00:00";4,12;4,62;4,52;4,25
"2026-01-07 08:05:00";4,21;4,69;4,6;4,35
"2026-01-07 08:10:00";4,31;4,76;4,67;4,44
"2026-01-07 08:15:00";4,41;4,84;4,75;4,52
"2026-01-07 08:20:00";4,5;4,9;4,82;4,62
"2026-01-07 08:25:00";4,58;4,97;4,88;4,7
"2026-01-07 08:30:00";4,67;5,03;4,96;4,78
"2026-01-07 08:35:00";4,75;5,08;5,02;4,85
"2026-01-07 08:40:00";4,83;5,13;5,06;4,92
"2026-01-07 08:45:00";4,9;5,18;5,12;4,99
"2026-01-07 08:50:00";4,97;5,22;5,16;5,05
"2026-01-07 08:55:00";5,05;5,25;5,2;5,11
"2026-01-07 09:00:00";5,11;5,29;5,24;5,17
"2026-01-07 09:05:00";5,18;5,32;5,26;5,22
"2026-01-07 09:10:00";5,23;5,34;5,28;5,27
"2026-01-07 09:15:00";5,28;5,36;5,31;5,31
"2026-01-07 09:20:00";5,35;5,37;5,32;5,33
"2026-01-07 09:25:00";5,41;5,39;5,33;5,36
"2026-01-07 09:30:00";5,45;5,4;5,34;5,4
"2026-01-07 09:35:00";5,48;5,4;5,34;5,42
"2026-01-07 09:40:00";5,51;5,39;5,34;5,44
"2026-01-07 09:45:00";5,53;5,37;5,33;5,45
"2026-01-07 09:50:00";5,54;5,36;5,32;5,46
"2026-01-07 09:55:00";5,54;5,33;5,32;5,46
"2026-01-07 10:00:00";5,54;5,29;5,3;5,45
"2026-01-07 10:05:00";5,54;5,26;5,27;5,44
"2026-01-07 10:10:00";5,54;5,21;5,22;5,42
"2026-01-07 10:15:00";5,53;5,16;5,17;5,4
"2026-01-07 10:20:00";5,51;5,09;5,12;5,36
"2026-01-07 10:25:00";5,48;5,02;5,05;5,32
"2026-01-07 10:30:00";5,44;4,95;4,98;5,28
"2026-01-07 10:35:00";5,4;4,88;4,9;5,21
"2026-01-07 10:40:00";5,34;4,82;4,82;5,15
"2026-01-07 10:45:00";5,28;4,74;4,75;5,08
"2026-01-07 10:50:00";5,21;4,66;4,68;5
"2026-01-07 10:55:00";5,13;4,58;4,6;4,91
"2026-01-07 11:00:00";5,05;4,5;4,52;4,83
"2026-01-07 11:05:00";4,96;4,41;4,45;4,75
"2026-01-07 11:10:00";4,87;4,32;4,36;4,67
"2026-01-07 11:15:00";4,77;4,23;4,27;4,59
"2026-01-07 11:20:00";4,68;4,14;4,18;4,5
"2026-01-07 11:25:00";4,6;4,06;4,09;4,42
"2026-01-07 11:30:00";4,51;3,98;4;4,33
"2026-01-07 11:35:00";4,42;3,9;3,9;4,23
"2026-01-07 11:40:00";4,32;3,81;3,83;4,14
"2026-01-07 11:45:00";4,23;3,72;3,74;4,04
"2026-01-07 11:50:00";4,13;3,64;3,66;3,94
"2026-01-07 11:55:00";4,03;3,55;3,57;3,84
"2026-01-07 12:00:00";3,93;3,47;3,49;3,74
"2026-01-07 12:05:00";3,84;3,39;3,41;3,66
"2026-01-07 12:10:00";3,74;3,31;3,32;3,56
"2026-01-07 12:15:00";3,66;3,24;3,24;3,47
"2026-01-07 12:20:00";3,57;3,18;3,16;3,39
"2026-01-07 12:25:00";3,49;3,08;3,08;3,3
"2026-01-07 12:30:00";3,41;3;3;3,22
"2026-01-07 12:35:00";3,33;2,93;2,92;3,14
"2026-01-07 12:40:00";3,25;2,86;2,85;3,06
"2026-01-07 12:45:00";3,17;2,78;2,78;2,98
"2026-01-07 12:50:00";3,09;2,72;2,7;2,91
"2026-01-07 12:55:00";3,01;2,65;2,64;2,83
"2026-01-07 13:00:00";2,95;2,58;2,57;2,76
"2026-01-07 13:05:00";2,87;2,52;2,49;2,69
"2026-01-07 13:10:00";2,8;2,45;2,42;2,62
"2026-01-07 13:15:00";2,73;2,39;2,36;2,56
"2026-01-07 13:20:00";2,67;2,33;2,3;2,49
"2026-01-07 13:25:00";2,6;2,27;2,23;2,42
"2026-01-07 13:30:00";2,53;2,2;2,18;2,36
"2026-01-07 13:35:00";2,46;2,14;2,11;2,3
"2026-01-07 13:40:00";2,41;2,09;2,06;2,24
"2026-01-07 13:45:00";2,34;2,04;2;2,18
"2026-01-07 13:50:00";2,29;1,98;1,94;2,12
"2026-01-07 13:55:00";2,23;1,92;1,88;2,06
"2026-01-07 14:00:00";2,18;1,87;1,83;2,01
"2026-01-07 14:05:00";2,12;1,81;1,77;1,96
"2026-01-07 14:10:00";2,07;1,75;1,72;1,9
"2026-01-07 14:15:00";2,01;1,69;1,66;1,85
"2026-01-07 14:20:00";1,96;1,66;1,61;1,8
"2026-01-07 14:25:00";1,91;1,61;1,56;1,75
"2026-01-07 14:30:00";1,86;1,57;1,52;1,7
"2026-01-07 14:35:00";1,81;1,51;1,48;1,65
"2026-01-07 14:40:00";1,76;1,45;1,43;1,6
"2026-01-07 14:45:00";1,71;1,41;1,38;1,55
"2026-01-07 14:50:00";1,66;1,37;1,33;1,52
"2026-01-07 14:55:00";1,61;1,32;1,29;1,48
"2026-01-07 15:00:00";1,59;1,28;1,24;1,42
"2026-01-07 15:05:00";1,53;1,24;1,21;1,38
"2026-01-07 15:10:00";1,49;1,19;1,16;1,33
"2026-01-07 15:15:00";1,44;1,15;1,12;1,29
"2026-01-07 15:20:00";1,41;1,11;1,08;1,25
"2026-01-07 15:25:00";1,35;1,07;1,04;1,21
"2026-01-07 15:30:00";1,31;1,03;1;1,16
"2026-01-07 15:35:00";1,27;0,98;0,96;1,13
"2026-01-07 15:40:00";1,23;0,94;0,92;1,09
"2026-01-07 15:45:00";1,19;0,91;0,88;1,05
"2026-01-07 15:50:00";1,15;0,87;0,84;1,01
"2026-01-07 15:55:00";1,11;0,83;0,8;0,97
"2026-01-07 16:00:00";1,07;0,79;0,76;0,93
"2026-01-07 16:05:00";1,03;0,75;0,73;0,89
"2026-01-07 16:10:00";0,99;0,71;0,69;0,86
"2026-01-07 16:15:00";0,96;0,67;0,65;0,82
"2026-01-07 16:20:00";0,92;0,64;0,62;0,79
"2026-01-07 16:25:00";0,88;0,6;0,58;0,75
"2026-01-07 16:30:00";0,85;0,57;0,54;0,72
"2026-01-07 16:35:00";0,81;0,53;0,51;0,68
"2026-01-07 16:40:00";0,78;0,5;0,47;0,65
"2026-01-07 16:45:00";0,75;0,47;0,44;0,61
"2026-01-07 16:50:00";0,71;0,44;0,4;0,58
"2026-01-07 16:55:00";0,67;0,42;0,37;0,54
"2026-01-07 17:00:00";0,64;0,38;0,34;0,51
"2026-01-07 17:05:00";0,61;0,36;0,31;0,48
"2026-01-07 17:10:00";0,58;0,34;0,28;0,44
"2026-01-07 17:15:00";0,54;0,32;0,26;0,41
"2026-01-07 17:20:00";0,5;0,32;0,23;0,38
"2026-01-07 17:25:00";0,47;0,34;0,21;0,35
"2026-01-07 17:30:00";0,44;0,42;0,19;0,32
"2026-01-07 17:35:00";0,41;0,62;0,18;0,29
"2026-01-07 17:40:00";0,38;0,84;0,19;0,26
"2026-01-07 17:45:00";0,35;1,04;0,28;0,23
"2026-01-07 17:50:00";0,32;1,21;0,49;0,21
"2026-01-07 17:55:00";0,29;1,36;0,71;0,18
"2026-01-07 18:00:00";0,26;1,5;0,93;0,16
"2026-01-07 18:05:00";0,24;1,65;1,1;0,14
"2026-01-07 18:10:00";0,21;1,78;1,25;0,14
"2026-01-07 18:15:00";0,19;1,88;1,4;0,19
"2026-01-07 18:20:00";0,18;2;1,53;0,48
"2026-01-07 18:25:00";0,17;2,11;1,66;0,83
"2026-01-07 18:30:00";0,3;2,21;1,79;1,05
"2026-01-07 18:35:00";0,75;2,31;1,95;1,24
"2026-01-07 18:40:00";1,03;2,42;2,08;1,4
"2026-01-07 18:45:00";1,27;2,54;2,2;1,56
"2026-01-07 18:50:00";1,49;2,62;2,34;1,74
"2026-01-07 18:55:00";1,67;2,72;2,47;1,91
"2026-01-07 19:00:00";1,83;2,82;2,57;2,1
"2026-01-07 19:05:00";1,99;2,93;2,67;2,24
"2026-01-07 19:10:00";2,15;3,03;2,79;2,37
"2026-01-07 19:15:00";2,3;3,14;2,9;2,5
"2026-01-07 19:20:00";2,43;3,23;3;2,63
"2026-01-07 19:25:00";2,58;3,33;3,12;2,74
"2026-01-07 19:30:00";2,71;3,41;3,24;2,87
"2026-01-07 19:35:00";2,81;3,49;3,35;2,98
"2026-01-07 19:40:00";2,96;3,58;3,45;3,11
"2026-01-07 19:45:00";3,05;3,68;3,54;3,21
"2026-01-07 19:50:00";3,15;3,76;3,62;3,32
"2026-01-07 19:55:00";3,25;3,84;3,72;3,44
"2026-01-07 20:00:00";3,37;3,93;3,8;3,53
"2026-01-07 20:05:00";3,49;4;3,89;3,61
"2026-01-07 20:10:00";3,59;4,08;3,98;3,7
"2026-01-07 20:15:00";3,68;4,15;4,06;3,8
"2026-01-07 20:20:00";3,75;4,24;4,14;3,88
"2026-01-07 20:25:00";3,84;4,31;4,21;3,98
"2026-01-07 20:30:00";3,94;4,38;4,27;4,06
"2026-01-07 20:35:00";4,02;4,45;4,35;4,14
"2026-01-07 20:40:00";4,1;4,51;4,42;4,22
"2026-01-07 20:45:00";4,19;4,56;4,48;4,29
"2026-01-07 20:50:00";4,27;4,62;4,54;4,36
"2026-01-07 20:55:00";4,35;4,68;4,6;4,44
"2026-01-07 21:00:00";4,42;4,74;4,64;4,51
"2026-01-07 21:05:00";4,5;4,78;4,7;4,57
"2026-01-07 21:10:00";4,56;4,82;4,75;4,63
"2026-01-07 21:15:00";4,62;4,86;4,79;4,69
"2026-01-07 21:20:00";4,68;4,9;4,83;4,74
"2026-01-07 21:25:00";4,74;4,94;4,86;4,79
"2026-01-07 21:30:00";4,8;4,97;4,9;4,84
"2026-01-07 21:35:00";4,86;5;4,93;4,88
"2026-01-07 21:40:00";4,91;5,02;4,96;4,92
"2026-01-07 21:45:00";4,95;5,05;4,98;4,95
"2026-01-07 21:50:00";5;5,06;5;4,99
"2026-01-07 21:55:00";5,05;5,06;5,01;5,02
"2026-01-07 22:00:00";5,1;5,06;5,02;5,05
"2026-01-07 22:05:00";5,15;5,05;5,02;5,09
"2026-01-07 22:10:00";5,18;5,04;5,01;5,13
"2026-01-07 22:15:00";5,21;5,01;4,99;5,14
"2026-01-07 22:20:00";5,23;4,98;4,97;5,15
"2026-01-07 22:25:00";5,24;4,95;4,95;5,14
"2026-01-07 22:30:00";5,23;4,92;4,92;5,13
"2026-01-07 22:35:00";5,23;4,87;4,88;5,1
"2026-01-07 22:40:00";5,21;4,83;4,84;5,07
"2026-01-07 22:45:00";5,18;4,78;4,8;5,03
"2026-01-07 22:50:00";5,15;4,72;4,74;4,99
"2026-01-07 22:55:00";5,12;4,67;4,67;4,94
"2026-01-07 23:00:00";5,07;4,61;4,61;4,89
"2026-01-07 23:05:00";5,02;4,54;4,54;4,84
"2026-01-07 23:10:00";4,96;4,48;4,48;4,77
"2026-01-07 23:15:00";4,91;4,42;4,41;4,71
"2026-01-07 23:20:00";4,84;4,35;4,35;4,64
"2026-01-07 23:25:00";4,77;4,29;4,28;4,58
"2026-01-07 23:30:00";4,7;4,21;4,22;4,52
"2026-01-07 23:35:00";4,62;4,12;4,16;4,44
"2026-01-07 23:40:00";4,54;4,04;4,08;4,36
"2026-01-07 23:45:00";4,46;3,96;4;4,29
"2026-01-07 23:50:00";4,38;3,88;3,91;4,22
"2026-01-07 23:55:00";4,3;3,79;3,83;4,14
"2026-01-08 00:00:00";4,22;3,71;3,74;4,06
"2026-01-08 00:05:00";4,14;3,62;3,66;3,98
"2026-01-08 00:10:00";4,06;3,54;3,57;3,88
"2026-01-08 00:15:00";3,97;3,46;3,48;3,79
"2026-01-08 00:20:00";3,88;3,39;3,41;3,7
"2026-01-08 00:25:00";3,78;3,31;3,32;3,6
"2026-01-08 00:30:00";3,69;3,23;3,25;3,5
"2026-01-08 00:35:00";3,6;3,14;3,17;3,41
"2026-01-08 00:40:00";3,52;3,08;3,09;3,32
"2026-01-08 00:45:00";3,42;3;3,01;3,23
"2026-01-08 00:50:00";3,34;2,93;2,93;3,15
"2026-01-08 00:55:00";3,26;2,86;2,86;3,08
"2026-01-08 01:00:00";3,18;2,78;2,78;2,99
"2026-01-08 01:05:00";3,1;2,71;2,71;2,91
"2026-01-08 01:10:00";3,03;2,64;2,63;2,83
"2026-01-08 01:15:00";2,95;2,58;2,57;2,77
"2026-01-08 01:20:00";2,87;2,51;2,5;2,7
"2026-01-08 01:25:00";2,81;2,45;2,42;2,62
"2026-01-08 01:30:00";2,74;2,38;2,36;2,56
"2026-01-08 01:35:00";2,67;2,32;2,3;2,49
"2026-01-08 01:40:00";2,61;2,26;2,23;2,43
"2026-01-08 01:45:00";2,54;2,2;2,16;2,36
"2026-01-08 01:50:00";2,48;2,14;2,12;2,3
"2026-01-08 01:55:00";2,42;2,09;2,06;2,24
"2026-01-08 02:00:00";2,35;2,03;2;2,18
"2026-01-08 02:05:00";2,3;1,97;1,95;2,12
"2026-01-08 02:10:00";2,24;1,92;1,89;2,06
"2026-01-08 02:15:00";2,18;1,87;1,84;2
"2026-01-08 02:20:00";2,12;1,8;1,78;1,96
"2026-01-08 02:25:00";2,07;1,75;1,72;1,9
"2026-01-08 02:30:00";2,02;1,7;1,66;1,85
"2026-01-08 02:35:00";1,96;1,65;1,62;1,8
"2026-01-08 02:40:00";1,91;1,6;1,56;1,74
"2026-01-08 02:45:00";1,86;1,55;1,52;1,69
"2026-01-08 02:50:00";1,81;1,5;1,47;1,64
"2026-01-08 02:55:00";1,76;1,46;1,42;1,6
"2026-01-08 03:00:00";1,71;1,42;1,38;1,55
"2026-01-08 03:05:00";1,66;1,37;1,33;1,5
"2026-01-08 03:10:00";1,61;1,33;1,29;1,45
"2026-01-08 03:15:00";1,57;1,28;1,24;1,41
"2026-01-08 03:20:00";1,52;1,25;1,21;1,36
"2026-01-08 03:25:00";1,48;1,2;1,16;1,31
"2026-01-08 03:30:00";1,44;1,16;1,12;1,28
"2026-01-08 03:35:00";1,39;1,12;1,08;1,23
"2026-01-08 03:40:00";1,34;1,08;1,04;1,2
"2026-01-08 03:45:00";1,3;1,04;1;1,15
"2026-01-08 03:50:00";1,26;1;0,97;1,12
"2026-01-08 03:55:00";1,23;0,96;0,93;1,08
"2026-01-08 04:00:00";1,19;0,92;0,89;1,04
"2026-01-08 04:05:00";1,14;0,88;0,84;1,01
"2026-01-08 04:10:00";1,11;0,84;0,81;0,96
"2026-01-08 04:15:00";1,08;0,82;0,78;0,93
"2026-01-08 04:20:00";1,04;0,78;0,75;0,91
"2026-01-08 04:25:00";1;0,75;0,7;0,86
"2026-01-08 04:30:00";0,97;0,72;0,68;0,83
"2026-01-08 04:35:00";0,93;0,69;0,64;0,79
"2026-01-08 04:40:00";0,9;0,66;0,62;0,76
"2026-01-08 04:45:00";0,87;0,63;0,58;0,73
"2026-01-08 04:50:00";0,83;0,6;0,56;0,69
"2026-01-08 04:55:00";0,79;0,57;0,52;0,66
"2026-01-08 05:00:00";0,76;0,54;0,49;0,63
"2026-01-08 05:05:00";0,72;0,52;0,46;0,59
"2026-01-08 05:10:00";0,69;0,5;0,43;0,56
"2026-01-08 05:15:00";0,66;0,51;0,4;0,54
"2026-01-08 05:20:00";0,63;0,52;0,38;0,5
"2026-01-08 05:25:00";0,6;0,56;0,37;0,48
"2026-01-08 05:30:00";0,58;0,67;0,36;0,45
"2026-01-08 05:35:00";0,55;0,85;0,37;0,42
"2026-01-08 05:40:00";0,52;1,06;0,42;0,39
"2026-01-08 05:45:00";0,48;1,22;0,54;0,37
"2026-01-08 05:50:00";0,46;1,36;0,74;0,34
"2026-01-08 05:55:00";0,43;1,49;0,94;0,32
"2026-01-08 06:00:00";0,41;1,62;1,11;0,31
"2026-01-08 06:05:00";0,38;1,76;1,25;0,31
"2026-01-08 06:10:00";0,36;1,89;1,38;0,34
"2026-01-08 06:15:00";0,35;2;1,53;0,48
"2026-01-08 06:20:00";0,35;2,11;1,67;0,83
"2026-01-08 06:25:00";0,41;2,21;1,79;1,06
"2026-01-08 06:30:00";0,7;2,32;1,94;1,23
"2026-01-08 06:35:00";1,03;2,42;2,07;1,4
"2026-01-08 06:40:00";1,24;2,53;2,2;1,56
"2026-01-08 06:45:00";1,46;2,64;2,31;1,73
"2026-01-08 06:50:00";1,65;2,74;2,44;1,9
"2026-01-08 06:55:00";1,82;2,84;2,57;2,08
"2026-01-08 07:00:00";1,98;2,94;2,68;2,22
"2026-01-08 07:05:00";2,13;3,04;2,78;2,36
"2026-01-08 07:10:00";2,27;3,14;2,9;2,48
"2026-01-08 07:15:00";2,41;3,24;3,02;2,61
"2026-01-08 07:20:00";2,52;3,35;3,13;2,74
"2026-01-08 07:25:00";2,68;3,44;3,25;2,86
"2026-01-08 07:30:00";2,81;3,53;3,36;2,97
"2026-01-08 07:35:00";2,94;3,62;3,46;3,11
"2026-01-08 07:40:00";3,05;3,73;3,57;3,22
"2026-01-08 07:45:00";3,16;3,82;3,67;3,33
"2026-01-08 07:50:00";3,26;3,9;3,77;3,44
"2026-01-08 07:55:00";3,37;3,99;3,87;3,54
"2026-01-08 08:00:00";3,5;4,08;3,96;3,64
"2026-01-08 08:05:00";3,6;4,17;4,06;3,75
"2026-01-08 08:10:00";3,72;4,25;4,15;3,86
"2026-01-08 08:15:00";3,81;4,34;4,24;3,95
"2026-01-08 08:20:00";3,92;4,41;4,33;4,05
"2026-01-08 08:25:00";4,02;4,49;4,4;4,14
"2026-01-08 08:30:00";4,1;4,56;4,47;4,23
"2026-01-08 08:35:00";4,19;4,64;4,55;4,32
"2026-01-08 08:40:00";4,28;4,71;4,62;4,41
"2026-01-08 08:45:00";4,37;4,78;4,68;4,49
"2026-01-08 08:50:00";4,47;4,85;4,75;4,57
"2026-01-08 08:55:00";4,55;4,92;4,82;4,65
"2026-01-08 09:00:00";4,63;4,97;4,88;4,72
"2026-01-08 09:05:00";4,7;5,02;4,95;4,79
"2026-01-08 09:10:00";4,77;5,06;5;4,85
"2026-01-08 09:15:00";4,83;5,1;5,04;4,91
"2026-01-08 09:20:00";4,9;5,15;5,09;4,98
"2026-01-08 09:25:00";4,97;5,18;5,13;5,04
"2026-01-08 09:30:00";5,04;5,22;5,16;5,1
"2026-01-08 09:35:00";5,11;5,25;5,19;5,15
"2026-01-08 09:40:00";5,17;5,28;5,22;5,19
"2026-01-08 09:45:00";5,22;5,29;5,23;5,23
"2026-01-08 09:50:00";5,28;5,3;5,25;5,26
"2026-01-08 09:55:00";5,34;5,3;5,26;5,29
"2026-01-08 10:00:00";5,38;5,29;5,25;5,33
"2026-01-08 10:05:00";5,42;5,29;5,26;5,36
"2026-01-08 10:10:00";5,45;5,28;5,24;5,38
"2026-01-08 10:15:00";5,46;5,26;5,23;5,38
"2026-01-08 10:20:00";5,47;5,25;5,22;5,38
"2026-01-08 10:25:00";5,48;5,23;5,21;5,38
"2026-01-08 10:30:00";5,47;5,21;5,19;5,36
"2026-01-08 10:35:00";5,46;5,18;5,16;5,33
"2026-01-08 10:40:00";5,44;5,14;5,14;5,31
"2026-01-08 10:45:00";5,42;5,11;5,1;5,28
"2026-01-08 10:50:00";5,39;5,05;5,06;5,26
"2026-01-08 10:55:00";5,36;4,99;5;5,22
"2026-01-08 11:00:00";5,33;4,93;4,94;5,19
"2026-01-08 11:05:00";5,3;4,86;4,88;5,14
"2026-01-08 11:10:00";5,26;4,79;4,81;5,1
"2026-01-08 11:15:00";5,21
"2026-01-08 11:20:00";5,16
"2026-01-08 11:25:00";5,1
"2026-01-08 11:30:00";5,02